word_freq_make,word_freq_address,word_freq_all,word_freq_3d,word_freq_our,word_freq_over,word_freq_remove,word_freq_internet,word_freq_order,word_freq_mail,word_freq_receive,word_freq_will,word_freq_people,word_freq_report,word_freq_addresses,word_freq_free,word_freq_business,word_freq_email,word_freq_you,word_freq_credit,word_freq_your,word_freq_font,word_freq_000,word_freq_money,word_freq_hp,word_freq_hpl,word_freq_george,word_freq_650,word_freq_lab,word_freq_labs,word_freq_telnet,word_freq_857,word_freq_data,word_freq_415,word_freq_85,word_freq_technology,word_freq_1999,word_freq_parts,word_freq_pm,word_freq_direct,word_freq_cs,word_freq_meeting,word_freq_original,word_freq_project,word_freq_re,word_freq_edu,word_freq_table,word_freq_conference,char_freq_;,char_freq_(,char_freq_[,char_freq_!,char_freq_$,char_freq_#,capital_run_length_average,capital_run_length_longest,capital_run_length_total,spam?
0.0,0.0,0.0,0.0,0.0,0.0,0.0,0.0,0.0,0.0,0.0,0.0,0.0,0.0,0.0,0.0,0.0,0.0,3.92,0.0,0.0,0.0,0.0,0.0,0.0,0.0,5.88,0.0,0.0,0.0,0.0,0.0,0.0,0.0,0.0,0.0,1.96,0.0,1.96,0.0,0.0,0.0,0.0,0.0,1.96,0.0,0.0,0.0,0.0,0.0,0.0,0.0,0.0,0.0,1.785,6.0,25.0,0.0
0.0,0.0,0.32,0.0,0.65,0.65,0.32,0.32,0.0,0.0,0.0,0.32,0.32,0.0,0.0,0.32,0.32,0.0,2.28,0.0,3.26,0.0,0.0,0.32,0.0,0.0,0.0,0.0,0.0,0.0,0.0,0.0,0.0,0.0,0.0,0.0,0.0,0.0,0.0,0.0,0.0,0.0,0.0,0.0,0.32,0.0,0.0,0.0,0.0,0.105,0.0,0.0,0.158,0.0,1.494,10.0,139.0,1.0
0.0,0.0,1.78,0.0,0.25,0.51,0.0,0.0,0.0,0.25,0.0,0.76,0.25,0.0,0.0,0.0,0.0,0.0,1.27,0.0,0.76,0.0,0.0,0.0,1.27,1.02,0.0,0.25,0.51,0.51,0.0,0.0,0.0,0.0,0.25,0.0,0.0,0.0,0.0,0.0,0.0,0.0,0.0,0.0,0.0,0.0,0.0,0.76,0.186,0.26,0.0,0.0,0.0,0.037,1.794,10.0,183.0,0.0
0.23,0.34,0.58,0.0,0.46,0.11,0.11,0.23,1.04,0.93,0.0,0.46,0.0,0.23,0.23,0.0,0.11,0.0,3.72,0.46,1.74,0.0,0.0,0.81,0.0,0.0,0.0,0.0,0.0,0.0,0.0,0.0,0.0,0.0,0.0,0.0,0.0,0.0,0.0,0.0,0.0,0.0,0.0,0.0,0.0,0.0,0.46,0.0,0.0,0.075,0.0,0.131,0.056,0.018,4.47,74.0,675.0,1.0
0.0,0.36,0.0,0.0,0.36,0.0,0.0,0.0,0.0,0.36,0.0,0.36,0.0,0.0,0.0,0.0,0.0,0.0,1.08,0.0,0.0,7.22,0.0,0.0,0.0,0.0,0.0,0.0,0.0,0.0,0.0,0.0,0.0,0.0,0.0,0.0,0.0,0.0,0.0,0.0,0.0,0.0,0.0,0.0,0.0,0.0,0.0,0.0,3.972,0.0,0.0,0.063,0.0,0.504,6.423,43.0,334.0,0.0
0.34,0.25,0.25,0.0,0.08,0.43,0.08,0.25,0.08,1.46,0.34,0.51,0.94,0.0,0.17,0.08,0.0,0.0,3.01,0.0,0.77,0.17,0.34,0.34,0.0,0.0,0.0,0.0,0.0,0.0,0.0,0.0,0.0,0.0,0.0,0.0,0.0,0.0,0.0,0.0,0.0,0.0,0.0,0.0,0.17,0.0,0.0,0.0,0.0,0.048,0.0,0.258,0.258,0.113,5.297,300.0,694.0,1.0
0.15,0.0,0.15,0.0,0.0,0.0,0.0,0.0,0.07,0.0,0.0,0.07,0.15,0.0,0.0,0.07,0.0,0.07,3.6,0.0,1.3,0.0,0.0,0.0,0.0,0.0,0.0,0.0,0.0,0.0,0.0,0.0,0.0,0.0,0.0,0.0,0.0,0.0,0.0,0.0,0.0,0.0,0.0,0.0,0.15,0.0,0.0,0.0,0.013,0.123,0.0,0.082,0.0,0.0,1.111,9.0,328.0,0.0
0.0,0.0,0.46,0.0,0.0,0.0,0.46,0.0,0.0,0.0,0.46,0.0,0.0,0.0,0.0,0.0,0.0,1.4,1.87,0.0,0.0,0.93,0.46,0.0,0.0,0.0,0.0,0.0,0.0,0.0,0.0,0.0,0.0,0.0,0.0,0.0,0.0,0.0,0.0,0.0,0.0,0.0,0.0,0.0,0.46,0.0,0.0,0.0,0.0,0.0,0.0,0.0,0.0,0.0,2.676,32.0,91.0,1.0
0.0,0.0,0.0,0.0,0.0,0.0,0.0,0.0,0.0,0.0,0.0,0.0,0.0,0.0,0.0,0.0,0.0,0.0,0.0,0.0,0.0,0.0,0.0,0.0,0.0,0.0,0.72,0.0,0.72,0.0,0.0,0.0,0.72,0.0,0.0,0.0,0.0,0.0,0.0,0.0,0.0,0.0,0.0,0.0,0.0,0.0,0.0,0.0,0.0,1.047,0.0,0.0,0.0,0.13,3.475,7.0,139.0,0.0
0.0,0.0,0.32,0.0,0.65,0.65,0.32,0.32,0.0,0.0,0.0,0.32,0.32,0.0,0.0,0.32,0.32,0.0,2.28,0.0,3.25,0.0,0.0,0.32,0.0,0.0,0.0,0.0,0.0,0.0,0.0,0.0,0.0,0.0,0.0,0.0,0.0,0.0,0.0,0.0,0.0,0.0,0.0,0.0,0.32,0.0,0.0,0.0,0.0,0.105,0.0,0.0,0.158,0.0,1.494,10.0,139.0,1.0
0.0,0.0,0.0,0.0,0.0,0.57,0.0,0.0,0.0,0.0,0.0,0.0,0.0,0.0,0.0,0.0,0.0,0.0,2.31,0.0,2.89,0.0,0.0,0.0,0.0,0.0,0.0,0.0,0.0,0.0,0.0,0.0,0.0,0.0,0.0,0.0,0.57,0.0,0.0,0.0,0.0,0.0,0.0,0.0,1.73,0.57,0.0,0.0,0.0,0.0,0.0,0.0,0.0,0.0,1.645,5.0,51.0,0.0
0.0,0.0,0.8,0.0,1.44,0.16,0.16,0.0,0.0,0.0,0.0,0.64,0.8,0.0,0.0,0.0,0.16,0.16,1.6,0.0,0.47,0.0,0.64,0.0,0.0,0.0,0.0,0.0,0.0,0.0,0.0,0.0,0.0,0.0,0.0,0.0,0.0,0.0,0.0,0.0,0.0,0.0,0.0,0.0,0.0,0.0,0.0,0.0,0.0,0.024,0.0,0.299,0.174,0.0,1.891,24.0,174.0,1.0
0.0,0.42,0.21,0.0,0.0,0.0,0.0,0.0,0.0,0.42,0.0,0.0,0.0,0.0,0.0,0.0,0.0,0.0,1.26,0.0,0.21,8.0,0.0,0.0,0.0,0.0,0.0,0.0,0.0,0.0,0.0,0.0,0.0,0.0,0.0,0.0,0.0,0.0,0.0,0.0,0.0,0.0,0.21,0.0,0.0,0.42,0.0,0.0,4.385,0.0,0.0,0.071,0.0,0.503,6.822,43.0,614.0,0.0
0.44,0.0,0.88,0.0,0.44,1.32,0.44,0.0,0.0,0.0,0.0,0.0,0.0,0.0,0.0,0.0,0.0,0.44,1.76,0.0,2.2,0.0,2.2,0.0,0.0,0.0,0.0,0.0,0.0,0.0,0.0,0.0,0.0,0.0,0.0,0.0,0.0,0.0,0.0,0.0,0.0,0.0,0.0,0.0,0.0,0.0,0.0,0.0,0.216,0.0,0.0,0.433,0.361,0.0,2.375,16.0,133.0,1.0
0.0,0.44,0.0,0.0,0.44,0.0,0.0,0.0,0.0,0.44,0.0,0.44,0.0,0.0,0.0,0.0,0.0,0.0,0.44,0.0,0.0,8.81,0.0,0.0,0.0,0.0,0.0,0.0,0.0,0.0,0.0,0.0,0.0,0.0,0.0,0.0,0.0,0.0,0.0,0.0,0.0,0.0,0.0,0.0,0.0,0.0,0.0,0.0,4.367,0.0,0.0,0.074,0.0,0.592,7.288,43.0,328.0,0.0
0.0,0.0,0.0,0.0,0.0,0.0,1.33,0.0,0.0,0.0,0.0,0.0,0.0,0.0,0.0,0.0,0.0,0.0,1.33,0.0,5.33,0.0,0.0,0.0,0.0,0.0,0.0,0.0,0.0,0.0,0.0,0.0,0.0,0.0,0.0,0.0,0.0,0.0,0.0,0.0,0.0,0.0,0.0,0.0,0.0,0.0,0.0,0.0,0.0,0.0,0.0,0.202,1.417,0.0,29.125,223.0,233.0,1.0
0.0,0.0,0.0,0.0,0.0,0.0,0.0,0.0,0.0,0.0,0.0,1.25,0.0,0.0,0.0,0.0,0.0,0.0,1.25,0.0,0.0,0.0,0.0,0.0,0.0,0.0,0.0,0.0,0.0,0.0,0.0,0.0,0.0,0.0,0.0,0.0,1.25,0.0,0.0,0.0,2.5,1.25,1.25,0.0,1.25,2.5,0.0,0.0,0.0,0.0,0.209,0.0,0.0,0.0,3.3,13.0,66.0,0.0
0.0,0.62,1.24,0.0,0.31,0.0,0.0,0.0,0.0,0.0,0.0,0.62,0.0,0.0,0.0,0.31,0.0,1.24,2.49,0.0,1.24,0.0,0.0,0.0,0.0,0.0,0.0,0.0,0.0,0.0,0.0,0.0,0.0,0.0,0.0,0.0,0.0,0.0,0.0,0.0,0.0,0.0,0.0,0.0,0.31,0.0,0.0,0.0,0.0,0.05,0.0,1.152,0.0,0.0,4.592,121.0,349.0,1.0
0.0,0.0,2.94,0.0,0.0,0.0,0.0,0.0,0.0,0.0,0.0,0.0,0.0,0.0,0.0,0.0,0.0,0.0,2.94,0.0,0.0,0.0,0.0,0.0,0.0,0.0,0.0,0.0,0.0,0.0,0.0,0.0,0.0,0.0,0.0,0.0,0.0,0.0,0.0,0.0,0.0,0.0,0.0,0.0,0.0,0.0,0.0,0.0,0.0,0.0,0.0,0.505,0.0,0.0,2.375,4.0,19.0,0.0
0.0,0.0,1.31,0.0,0.0,0.0,0.0,0.0,0.0,0.0,0.0,1.31,0.0,0.0,0.0,0.0,0.0,0.0,1.31,0.0,5.26,0.0,0.0,1.31,0.0,0.0,0.0,0.0,0.0,0.0,0.0,0.0,0.0,0.0,0.0,0.0,0.0,0.0,0.0,0.0,0.0,0.0,0.0,0.0,0.0,0.0,0.0,0.0,0.0,0.0,0.0,0.0,0.21,0.0,4.5,25.0,54.0,1.0
0.0,0.0,0.0,0.0,0.0,0.0,0.0,0.0,0.0,0.0,0.0,0.0,0.0,0.0,0.0,0.0,0.0,1.69,5.93,0.0,0.84,0.0,0.0,0.0,0.0,0.0,0.0,0.0,0.0,0.0,0.0,0.0,0.0,0.0,0.0,0.0,0.0,0.0,0.0,0.0,0.84,0.0,0.0,0.84,0.0,0.84,0.0,0.0,0.0,0.0,0.0,0.0,0.0,0.0,1.285,4.0,36.0,0.0
0.0,0.64,0.64,0.0,0.32,0.0,0.0,0.0,0.0,0.0,0.0,0.64,0.0,0.0,0.0,0.32,0.0,1.29,1.62,0.0,0.97,0.0,0.0,0.0,0.0,0.0,0.0,0.0,0.0,0.0,0.0,0.0,0.0,0.0,0.0,0.0,0.0,0.0,0.0,0.0,0.0,0.0,0.0,0.0,0.0,0.0,0.0,0.0,0.0,0.053,0.0,1.065,0.0,0.0,3.932,61.0,291.0,1.0
0.0,0.0,0.0,0.0,0.58,0.0,0.0,0.0,0.0,0.0,0.0,0.0,0.0,0.0,0.0,0.0,0.0,0.0,0.87,0.0,0.29,0.0,0.0,0.0,0.29,0.29,0.29,0.58,0.0,0.0,0.0,0.0,0.0,0.29,0.58,0.0,0.0,0.0,0.0,0.0,0.0,0.0,0.0,0.0,0.0,0.0,0.0,0.0,0.0,0.22,0.0,0.0,2.038,0.0,13.562,351.0,434.0,0.0
0.0,0.0,0.49,0.0,1.48,0.0,0.49,0.0,0.0,0.0,0.0,0.99,0.0,0.0,0.0,0.49,0.99,0.0,2.47,0.0,2.97,0.0,0.0,0.0,0.0,0.0,0.0,0.0,0.0,0.0,0.0,0.0,0.0,0.0,0.0,0.0,0.0,0.0,0.0,0.0,0.0,0.0,0.0,0.0,0.49,0.0,0.0,0.0,0.0,0.082,0.0,0.497,0.165,0.0,5.113,78.0,225.0,1.0
0.0,0.0,0.0,0.0,0.0,0.0,0.0,0.0,0.0,1.43,0.0,0.0,0.0,0.0,0.0,0.0,0.0,0.0,2.15,0.0,0.71,0.0,0.0,0.0,0.0,0.0,0.0,0.0,0.0,0.0,0.0,0.0,0.0,0.0,0.0,0.0,0.0,0.0,0.0,0.0,0.0,0.0,0.0,0.0,0.71,0.71,0.0,0.0,0.0,0.0,0.0,0.0,0.0,0.0,2.939,51.0,97.0,0.0
0.0,0.0,0.0,0.0,0.0,0.0,0.0,0.0,0.0,0.0,0.0,0.0,0.0,2.1,0.0,0.0,0.0,0.0,0.0,0.0,0.0,0.0,0.0,0.0,0.0,0.0,0.0,0.0,0.0,0.0,0.0,0.0,0.0,0.0,0.0,1.05,0.0,0.0,0.0,0.0,0.0,0.0,0.0,0.0,1.05,0.0,0.0,0.0,0.0,0.169,0.0,0.0,0.338,0.0,4.047,29.0,85.0,1.0
0.0,0.0,0.0,0.0,0.0,0.0,0.0,0.0,0.0,0.0,0.0,0.0,0.0,0.0,0.0,0.0,0.0,0.0,0.0,0.0,0.0,0.0,0.0,0.0,0.0,0.0,0.0,0.0,0.0,0.0,0.0,0.0,0.0,0.0,0.0,0.0,0.0,0.0,0.0,0.0,0.0,0.0,0.0,0.0,0.0,0.0,0.0,0.0,0.0,0.689,0.0,0.0,0.0,0.0,1.666,3.0,10.0,0.0
0.0,0.0,0.0,0.0,0.45,0.0,0.0,0.0,0.0,0.0,0.0,0.0,0.0,0.0,0.0,0.0,0.0,0.0,0.0,0.0,0.0,0.0,0.0,0.0,0.0,0.0,0.0,0.0,0.0,0.0,0.0,0.0,0.0,0.0,0.0,0.0,0.0,0.0,0.0,0.0,0.0,0.0,0.0,0.0,0.0,0.0,0.0,0.0,0.0,0.0,0.076,0.153,0.0,0.0,3.317,11.0,136.0,1.0
0.0,0.25,0.0,0.0,0.0,0.0,0.0,0.0,0.0,0.51,0.77,0.25,0.0,0.0,0.0,0.0,0.0,0.0,1.02,0.0,0.51,0.0,0.0,0.0,0.25,0.51,0.0,0.0,0.0,0.0,0.0,0.0,0.0,0.0,0.0,0.0,0.0,0.0,0.0,0.0,0.0,0.0,0.0,0.0,0.0,0.0,0.0,0.0,0.0,0.124,0.0,0.207,0.0,0.0,10.409,343.0,635.0,0.0
0.34,0.0,1.7,0.0,1.02,0.0,0.0,0.0,0.68,1.02,0.0,0.0,0.0,0.0,0.0,0.0,0.0,0.0,0.34,1.02,0.68,0.0,0.0,0.0,0.34,0.0,0.0,0.0,0.0,0.0,0.0,0.0,0.0,0.0,0.0,0.0,0.0,0.0,0.0,0.0,0.0,0.0,0.0,0.0,0.0,0.0,0.0,0.0,0.0,0.0,0.0,0.898,0.105,0.0,443.666,1325.0,1331.0,1.0
0.0,0.0,0.0,0.0,0.0,0.0,0.0,0.0,0.0,0.0,0.0,0.0,0.0,0.0,0.0,0.0,0.0,0.0,0.0,0.0,0.0,0.0,0.0,0.0,0.0,0.0,0.0,0.0,10.0,0.0,0.0,0.0,0.0,0.0,0.0,0.0,0.0,0.0,0.0,0.0,0.0,5.0,0.0,0.0,0.0,0.0,0.0,0.0,0.0,0.0,0.0,0.0,0.0,0.0,1.428,3.0,10.0,0.0
0.0,0.0,0.63,0.0,0.0,1.27,1.27,0.63,0.0,0.0,0.0,0.63,0.0,0.0,0.0,0.0,0.63,0.0,4.45,3.18,3.82,0.0,0.0,0.0,0.0,0.0,0.0,0.0,0.0,0.0,0.0,0.0,0.0,0.0,0.0,0.0,0.0,0.0,0.0,0.0,0.0,0.0,0.0,0.0,0.0,0.0,0.0,0.0,0.0,0.0,0.0,0.983,0.089,0.0,3.488,59.0,157.0,1.0
0.0,0.0,0.0,0.0,0.0,0.0,0.0,0.0,0.0,0.0,0.0,3.44,0.0,0.0,0.0,0.0,0.0,0.0,1.72,0.0,0.0,0.0,0.0,0.0,0.0,0.0,0.0,0.0,0.0,0.0,0.0,0.0,0.0,0.0,0.0,0.0,1.72,0.0,0.0,0.0,0.0,0.0,0.0,0.0,0.0,0.0,0.0,0.0,0.0,0.0,0.0,0.0,0.0,0.0,2.062,8.0,33.0,0.0
0.0,0.0,0.0,0.0,0.0,0.0,0.0,0.0,0.0,0.0,0.0,0.0,0.0,0.0,0.0,1.28,0.0,0.0,3.84,0.0,3.84,0.0,0.0,0.0,0.0,0.0,0.0,0.0,0.0,0.0,0.0,0.0,0.0,0.0,0.0,0.0,0.0,0.0,0.0,0.0,0.0,0.0,0.0,0.0,1.28,0.0,0.0,0.0,0.0,0.0,0.0,0.23,0.23,0.0,5.538,41.0,72.0,1.0
0.0,0.0,0.25,0.0,0.25,0.0,0.0,0.0,0.0,0.0,0.0,0.0,0.0,0.0,0.0,0.0,0.0,0.0,2.05,0.0,0.51,0.0,0.0,0.0,0.0,0.0,0.0,0.0,0.0,0.0,0.0,0.0,0.0,0.0,0.0,0.0,0.0,0.0,0.0,0.0,0.0,0.0,0.0,0.0,0.76,0.25,0.0,0.0,0.0,0.094,0.0,0.047,0.0,0.0,1.884,51.0,147.0,0.0
0.0,0.0,0.0,0.0,0.0,0.78,0.0,2.34,0.0,0.78,0.78,1.56,0.0,0.0,0.0,0.0,0.78,0.0,3.12,0.0,0.78,0.0,0.78,0.0,0.0,0.0,0.0,0.0,0.0,0.0,0.0,0.0,0.0,0.0,0.0,0.0,0.0,0.0,0.0,0.0,0.0,0.0,0.0,0.0,0.0,0.0,0.0,0.0,0.0,0.0,0.0,0.889,0.0,0.0,2.13,15.0,49.0,1.0
0.0,0.0,0.26,0.0,0.0,0.0,0.0,0.0,0.0,0.0,0.26,0.0,0.0,0.0,0.0,0.0,0.0,0.26,0.0,0.0,0.0,0.0,0.0,0.0,0.26,0.0,0.0,0.0,0.0,0.0,0.0,0.0,0.0,0.0,0.0,0.0,0.53,0.0,0.0,0.0,0.0,1.06,0.0,0.26,0.0,2.4,0.0,0.0,0.036,0.109,0.0,0.0,0.036,0.0,1.632,11.0,307.0,0.0
0.0,0.0,0.74,0.0,0.0,0.0,0.74,0.0,0.0,0.0,0.0,0.0,0.0,0.0,0.0,2.22,0.0,0.0,1.48,0.0,1.48,0.0,0.0,0.0,0.0,0.0,0.0,0.0,0.0,0.0,0.0,0.0,0.0,0.0,0.0,0.0,0.0,0.0,0.74,0.0,0.0,0.0,0.0,0.0,0.0,0.0,0.0,0.0,0.0,0.0,0.0,0.088,0.0,0.0,3.048,29.0,125.0,1.0
0.0,0.0,0.0,0.0,0.0,0.0,0.0,0.0,0.0,0.0,0.0,0.0,0.0,0.0,0.0,0.0,0.0,0.0,0.0,0.0,0.0,0.0,0.0,0.0,0.0,0.0,0.83,0.0,0.0,0.0,0.0,0.0,0.0,0.0,0.0,0.0,0.0,0.0,0.0,0.0,0.0,0.0,0.0,0.0,0.0,0.0,0.0,0.0,0.0,0.863,0.143,0.0,0.0,0.0,4.484,33.0,148.0,0.0
0.05,0.0,0.29,0.0,0.23,0.17,0.05,0.0,0.0,0.0,0.65,0.82,0.0,0.0,0.0,0.76,0.11,0.11,1.53,0.29,1.3,0.0,0.23,0.05,0.0,0.0,0.0,0.0,0.0,0.0,0.0,0.0,0.0,0.0,0.0,0.0,0.0,0.0,0.0,0.0,0.0,0.0,0.0,0.0,0.0,0.0,0.0,0.0,0.009,0.129,0.0,0.102,0.259,0.0,1.493,8.0,660.0,1.0
0.0,0.0,0.0,0.0,0.0,0.0,0.0,0.0,0.0,0.0,0.0,0.0,0.0,0.8,0.0,0.0,0.0,0.0,5.6,0.0,4.0,0.0,0.0,1.6,0.0,0.0,0.0,0.0,0.0,0.0,0.0,0.0,0.0,0.0,0.0,0.0,0.0,0.0,0.0,0.0,0.0,0.0,0.0,0.0,0.0,0.0,0.0,0.0,0.122,0.244,0.0,0.0,0.0,0.0,1.909,6.0,21.0,0.0
0.0,0.0,0.0,0.0,0.0,0.0,1.66,0.0,0.0,0.0,0.0,0.0,0.0,0.0,0.0,0.0,0.0,0.0,3.33,0.0,0.0,0.0,0.0,3.33,0.0,0.0,0.0,0.0,0.0,0.0,0.0,0.0,0.0,0.0,0.0,0.0,0.0,0.0,0.0,0.0,0.0,0.0,0.0,0.0,0.0,0.0,0.0,0.0,0.0,0.0,0.0,0.368,0.0,0.0,2.611,12.0,47.0,1.0
0.0,0.0,0.0,0.0,0.0,0.0,0.0,0.0,0.0,0.0,0.0,1.81,0.0,0.0,0.0,0.0,0.0,0.0,1.81,0.0,0.0,0.0,0.0,0.0,0.0,0.0,0.0,0.0,0.0,0.0,0.0,0.0,0.0,0.0,0.0,0.0,0.0,0.0,0.0,0.0,0.0,0.9,0.0,0.0,0.0,0.0,0.0,0.0,0.0,0.159,0.0,0.0,0.159,0.0,1.515,5.0,50.0,0.0
0.98,0.0,0.32,0.0,0.98,0.0,0.0,0.0,0.0,0.0,0.0,0.0,0.98,0.0,0.0,0.65,0.0,0.0,3.6,0.0,3.93,0.0,0.32,0.65,0.0,0.0,0.0,0.0,0.0,0.0,0.0,0.0,0.0,0.0,0.0,0.0,0.0,0.0,0.0,0.0,0.0,0.0,0.0,0.0,0.0,0.0,0.0,0.0,0.0,0.0,0.0,0.529,0.411,0.0,3.964,132.0,222.0,1.0
0.0,1.28,0.0,0.0,0.64,0.0,0.0,0.0,0.0,1.28,0.0,0.0,0.0,0.0,0.0,0.0,0.0,0.0,0.0,0.0,1.28,0.0,0.0,0.0,0.64,0.64,1.92,0.0,0.0,0.0,0.0,0.64,0.0,0.64,0.0,0.0,1.28,0.0,0.64,0.0,0.0,0.0,0.64,0.0,0.64,0.0,0.0,0.0,0.104,0.418,0.0,0.209,0.0,0.0,1.888,22.0,102.0,0.0
0.0,1.49,0.0,0.0,0.0,0.0,2.98,0.0,0.0,1.49,0.0,0.0,0.0,0.0,0.0,1.49,2.98,0.0,0.0,0.0,2.98,0.0,0.0,0.0,0.0,0.0,0.0,0.0,0.0,0.0,0.0,0.0,0.0,0.0,0.0,0.0,0.0,0.0,0.0,0.0,0.0,0.0,0.0,0.0,0.0,0.0,0.0,0.0,0.0,0.171,0.0,0.0,0.171,0.171,13.0,140.0,156.0,1.0
0.0,0.0,0.0,0.0,0.24,0.0,0.0,0.0,0.0,0.0,0.0,0.24,0.0,0.0,0.0,0.0,0.0,0.0,0.0,0.0,0.0,0.0,0.0,0.0,0.0,0.0,0.0,0.0,0.0,0.0,0.0,0.0,2.7,0.0,0.0,0.24,0.0,0.0,0.0,0.0,0.0,0.0,0.0,0.0,0.0,0.24,0.0,0.24,0.0,0.195,0.0,0.0,0.0,0.0,2.192,35.0,239.0,0.0
0.0,0.0,0.0,0.0,1.52,0.0,2.29,0.0,0.0,0.0,0.0,0.0,0.0,0.0,0.0,0.0,0.76,0.76,0.76,0.0,2.29,0.0,0.0,0.0,0.0,0.0,0.0,0.0,0.0,0.0,0.0,0.0,0.0,0.0,0.0,0.0,0.0,0.0,0.0,0.0,0.0,0.0,0.0,0.0,0.0,0.0,0.0,0.0,0.0,0.0,0.0,0.0,0.0,0.0,3.85,19.0,77.0,1.0
0.0,0.0,0.0,0.0,0.0,0.0,0.0,0.0,0.0,2.17,0.0,0.0,0.0,0.0,0.0,0.0,0.0,0.0,0.0,0.0,0.0,0.0,0.0,0.0,13.04,0.0,0.0,0.0,0.0,4.34,0.0,0.0,0.0,0.0,0.0,0.0,0.0,0.0,0.0,0.0,0.0,0.0,0.0,0.0,0.0,0.0,0.0,0.0,0.0,0.0,0.0,0.0,0.0,7.407,3.555,19.0,96.0,0.0
0.32,0.0,1.64,0.0,0.98,0.0,0.32,0.0,0.65,1.31,0.0,0.0,0.0,0.0,0.0,0.0,0.0,0.0,0.32,0.98,0.65,0.0,0.0,0.0,0.32,0.0,0.0,0.0,0.0,0.0,0.0,0.0,0.0,0.0,0.0,0.0,0.0,0.0,0.0,0.0,0.0,0.0,0.0,0.0,0.0,0.0,0.0,0.0,0.0,0.0,0.0,0.858,0.101,0.0,337.25,1146.0,1349.0,1.0
0.0,0.0,0.0,0.0,0.0,0.0,0.0,0.0,0.0,0.96,0.0,0.0,0.96,0.0,0.0,0.0,0.0,0.0,1.92,0.0,0.0,0.0,0.0,0.0,0.0,0.0,0.0,0.0,0.0,0.0,0.0,0.0,0.0,0.0,0.0,0.0,0.0,0.0,0.0,0.0,0.0,0.96,0.0,0.0,2.88,0.0,0.0,0.0,0.0,0.327,0.0,0.327,0.327,0.0,1.482,4.0,43.0,0.0
0.09,0.0,0.27,0.0,0.36,0.09,0.0,0.18,0.09,0.0,0.0,0.72,0.0,0.36,0.0,0.0,0.0,0.0,2.0,0.0,3.36,0.0,0.36,0.09,0.0,0.0,0.0,0.0,0.0,0.0,0.0,0.0,0.0,0.0,0.0,0.0,0.0,0.0,0.0,0.0,0.0,0.0,0.0,0.0,0.27,0.0,0.0,0.0,0.015,0.047,0.031,0.237,0.031,0.031,3.758,69.0,530.0,1.0
0.0,0.0,0.0,0.0,0.0,0.0,0.0,0.0,0.0,0.0,0.0,0.0,0.0,0.0,0.0,0.0,0.0,0.0,0.0,0.0,0.0,0.0,0.0,0.0,0.0,0.0,0.0,0.0,0.0,0.0,4.54,0.0,0.0,0.0,0.0,0.0,0.0,0.0,0.0,0.0,0.0,0.0,0.0,4.54,0.0,0.0,0.0,0.0,0.0,0.0,0.0,0.0,0.0,0.925,5.857,16.0,41.0,0.0
0.0,0.0,0.0,0.0,2.94,0.0,0.0,0.0,0.0,0.0,0.0,0.0,0.0,0.0,0.0,2.94,0.0,0.0,0.0,0.0,0.0,0.0,0.0,0.0,0.0,0.0,0.0,0.0,0.0,0.0,0.0,0.0,0.0,0.0,0.0,0.0,0.0,0.0,0.0,0.0,0.0,0.0,0.0,0.0,0.0,0.0,0.0,0.0,0.335,0.335,0.0,0.671,0.0,0.0,4.0,12.0,28.0,1.0
0.0,0.0,1.58,0.0,0.0,0.0,0.0,0.0,0.0,0.0,0.0,0.0,0.0,0.0,0.0,0.0,0.0,0.0,3.17,0.0,4.76,0.0,0.0,0.0,0.0,0.0,0.0,0.0,0.0,0.0,0.0,0.0,0.0,0.0,0.0,0.0,0.0,0.0,0.0,0.0,0.0,0.0,0.0,0.0,0.0,0.0,0.0,0.0,0.0,0.0,0.0,0.0,0.0,0.0,1.23,4.0,16.0,0.0
0.0,0.58,0.58,0.0,0.0,0.0,0.0,0.58,0.58,7.55,0.58,1.16,0.0,0.0,0.0,0.0,0.58,0.0,4.06,0.0,0.0,0.0,0.0,0.0,0.0,0.0,0.0,0.0,0.0,0.0,0.0,0.0,0.0,0.0,0.0,0.0,0.0,0.0,0.0,0.0,0.0,0.0,0.0,0.0,0.0,0.0,0.0,0.0,0.0,0.192,0.0,0.192,0.0,0.096,1.526,10.0,58.0,1.0
0.0,0.0,0.0,0.0,0.0,0.0,0.0,0.0,0.0,0.0,0.0,3.7,0.0,0.0,0.0,0.0,0.0,0.0,3.7,0.0,0.0,0.0,0.0,0.0,0.0,7.4,0.0,0.0,0.0,0.0,0.0,0.0,0.0,0.0,0.0,0.0,0.0,0.0,0.0,0.0,0.0,0.0,0.0,0.0,0.0,0.0,0.0,3.7,0.0,0.0,0.0,0.371,0.0,0.0,2.25,8.0,27.0,0.0
0.0,0.3,0.75,0.0,0.3,0.0,0.15,0.0,0.0,0.45,0.15,0.0,0.15,0.0,0.15,0.15,0.0,0.75,0.15,0.15,0.6,0.0,0.0,0.0,0.0,0.0,0.0,0.15,0.0,0.0,0.0,0.0,0.15,0.0,0.0,0.0,0.0,0.0,0.0,0.0,0.0,0.0,0.0,0.0,0.0,0.0,0.0,0.0,0.0,0.02,0.0,0.352,0.02,0.041,5.938,149.0,1057.0,1.0
0.0,0.0,0.0,0.0,0.0,0.0,0.0,0.0,0.0,1.05,0.0,1.05,0.0,0.0,0.0,1.05,0.0,0.0,1.05,0.0,0.0,0.0,0.0,0.0,0.0,1.05,3.15,0.0,0.0,0.0,0.0,0.0,0.0,0.0,0.0,0.0,1.05,0.0,1.05,0.0,0.0,0.0,1.05,2.1,1.05,0.0,0.0,0.0,0.0,0.677,0.0,0.338,0.0,0.0,1.468,12.0,47.0,0.0
0.0,0.42,0.0,0.0,0.42,0.42,0.0,0.0,0.0,0.0,0.0,0.0,0.0,0.0,0.0,0.42,0.0,0.42,4.2,0.0,0.0,0.0,0.42,0.0,0.0,0.0,0.0,0.0,0.0,0.0,0.0,0.0,0.0,0.0,0.0,0.0,0.0,0.0,0.0,0.0,0.0,0.0,0.0,0.0,0.42,0.0,0.0,0.0,0.0,0.08,0.0,0.644,0.161,0.0,2.522,14.0,111.0,1.0
0.0,0.0,0.0,0.0,0.0,3.57,0.0,0.0,0.0,0.0,0.0,0.0,0.0,0.0,0.0,0.0,0.0,0.0,7.14,0.0,0.0,0.0,0.0,0.0,0.0,0.0,0.0,0.0,0.0,0.0,0.0,0.0,0.0,0.0,0.0,0.0,0.0,0.0,0.0,0.0,0.0,0.0,0.0,0.0,0.0,3.57,0.0,0.0,0.0,0.0,0.0,0.0,0.0,0.0,1.0,1.0,7.0,0.0
0.0,0.5,0.0,0.0,1.25,0.0,0.0,0.25,0.0,0.75,0.25,0.75,0.0,0.0,0.0,0.25,0.0,0.0,2.01,0.0,1.76,0.0,0.0,0.0,0.0,0.0,0.0,0.0,0.0,0.0,0.0,0.0,1.25,0.0,0.0,0.0,0.0,0.25,0.0,0.0,0.0,0.0,0.0,0.25,0.25,0.0,0.0,0.0,0.0,0.222,0.095,0.031,0.0,0.0,5.5,114.0,616.0,1.0
0.0,0.0,0.0,0.0,0.0,0.0,0.0,0.0,0.0,0.0,0.0,0.0,0.0,0.0,0.0,0.0,0.0,0.0,3.22,0.0,2.15,0.0,0.0,0.0,0.0,0.0,0.0,0.0,0.0,0.0,0.0,0.0,0.0,0.0,0.0,0.0,0.0,0.0,0.0,0.0,2.15,0.0,0.0,0.0,0.0,1.07,0.0,0.0,0.0,0.197,0.0,0.0,0.0,0.0,2.315,7.0,44.0,0.0
0.0,0.54,0.54,0.0,1.09,0.54,2.18,0.0,0.0,0.54,0.0,0.54,0.0,0.0,0.0,0.0,0.0,0.54,3.27,0.0,1.09,0.0,0.0,0.0,0.0,0.0,0.0,0.0,0.0,0.0,0.0,0.0,0.0,0.0,0.0,0.0,0.0,0.0,0.0,0.0,0.0,0.0,0.0,0.0,0.54,0.0,0.0,0.0,0.0,0.157,0.0,0.471,0.0,0.078,15.08,147.0,377.0,1.0
0.0,0.0,0.0,0.0,0.0,0.0,0.0,0.0,0.0,0.0,0.0,0.0,5.55,0.0,0.0,0.0,0.0,0.0,5.55,0.0,0.0,0.0,0.0,0.0,0.0,0.0,5.55,0.0,0.0,0.0,0.0,0.0,0.0,0.0,0.0,0.0,0.0,0.0,0.0,0.0,0.0,0.0,0.0,0.0,0.0,0.0,0.0,0.0,0.0,0.0,0.0,0.0,0.0,0.0,1.0,1.0,10.0,0.0
0.56,0.0,0.32,0.0,1.13,0.08,0.0,0.0,0.16,0.0,0.08,0.72,0.56,0.0,0.0,0.24,1.13,0.0,4.6,0.0,2.01,0.0,0.0,0.32,0.0,0.0,0.0,0.0,0.0,0.0,0.0,0.0,0.0,0.0,0.0,0.0,0.0,0.0,0.0,0.0,0.0,0.0,0.0,0.0,0.32,0.0,0.0,0.0,0.0,0.121,0.0,0.337,0.054,0.0,3.502,79.0,606.0,1.0
0.25,0.0,0.0,0.0,0.25,0.25,0.0,0.0,0.0,0.0,0.0,0.51,0.0,0.25,0.0,0.0,0.0,0.25,0.51,0.0,0.25,0.0,0.0,0.0,0.0,0.25,0.0,0.0,0.0,0.0,0.0,0.0,0.25,0.0,0.0,0.0,0.0,0.0,0.0,0.0,0.25,0.0,0.0,0.0,0.0,0.25,0.0,0.25,0.0,0.082,0.0,0.0,0.0,0.041,1.287,4.0,85.0,0.0
0.0,0.54,0.0,0.0,0.0,0.0,1.08,0.0,0.0,0.54,0.54,0.54,0.0,0.0,0.0,2.17,0.0,0.54,3.26,0.0,1.08,0.0,0.0,0.0,0.0,0.0,0.0,0.0,0.0,0.0,0.0,0.0,0.0,0.0,0.0,0.0,0.0,0.0,0.0,0.0,0.0,0.0,0.0,0.0,0.54,0.0,0.0,0.0,0.0,0.0,0.0,0.347,0.0,0.0,1.325,5.0,53.0,1.0
0.0,0.0,0.94,0.0,0.0,0.0,0.0,0.0,0.0,0.0,0.0,0.94,0.0,0.0,0.0,0.0,0.0,0.0,1.89,0.0,0.94,0.0,0.0,0.0,1.42,0.94,0.0,0.0,0.0,0.47,0.0,0.0,0.0,0.0,0.0,0.0,0.0,0.0,0.0,0.0,0.0,0.0,0.0,0.0,0.0,0.0,0.0,0.0,0.0,0.0,0.0,0.0,0.0,0.0,2.24,13.0,112.0,0.0
0.0,0.0,0.0,0.0,0.0,0.0,0.0,0.0,0.0,0.0,0.0,0.0,0.0,0.0,0.0,0.0,0.0,0.0,4.44,0.0,0.0,0.0,0.0,0.0,0.0,0.0,0.0,0.0,0.0,0.0,0.0,0.0,0.0,0.0,0.0,0.0,0.0,0.0,0.0,0.0,0.0,0.0,0.0,0.0,0.0,0.0,0.0,0.0,0.0,0.0,0.0,1.385,0.0,0.0,20.0,169.0,180.0,1.0
0.04,0.09,0.31,0.0,0.04,0.22,0.04,0.0,0.0,0.58,0.09,1.17,0.0,0.0,0.0,0.13,0.04,0.0,1.3,0.0,1.17,0.0,0.04,0.0,0.9,0.54,0.0,0.04,0.0,0.18,0.18,0.0,0.0,0.0,0.18,0.04,0.31,0.0,0.22,0.0,0.04,0.0,0.0,0.0,0.13,0.04,0.0,0.09,0.013,0.224,0.0,0.027,0.006,0.0,1.784,29.0,1192.0,0.0
0.17,0.0,0.08,0.0,0.42,0.08,0.08,0.42,0.08,0.08,0.0,0.6,0.17,0.17,0.0,0.0,0.17,0.08,1.2,0.0,3.17,0.0,0.34,0.08,0.0,0.0,0.0,0.0,0.0,0.0,0.0,0.0,0.0,0.0,0.0,0.0,0.0,0.0,0.0,0.0,0.0,0.0,0.0,0.0,0.0,0.0,0.0,0.0,0.0,0.081,0.027,0.108,0.013,0.0,4.07,48.0,574.0,1.0
0.0,0.0,3.38,0.0,0.0,0.0,0.0,0.0,0.0,0.0,0.0,0.0,0.0,0.0,0.0,0.0,0.0,0.0,0.0,0.0,1.69,0.0,0.0,0.0,0.0,0.0,0.0,0.0,0.0,0.0,0.0,0.0,0.0,0.0,0.0,0.0,0.0,0.0,0.0,0.0,0.0,0.0,0.0,0.0,0.0,0.0,0.0,0.0,0.0,0.0,0.0,0.0,0.0,0.0,1.222,3.0,11.0,0.0
0.0,1.25,0.62,0.0,0.0,0.0,1.25,0.0,0.0,0.0,0.62,0.62,0.0,0.0,0.62,2.5,0.0,1.25,5.0,0.0,1.25,0.0,0.0,0.0,0.0,0.0,0.0,0.0,0.0,0.0,0.0,0.0,0.0,0.0,0.0,0.0,0.0,0.0,0.0,0.0,0.0,0.0,0.0,0.0,0.0,0.0,0.0,0.0,0.0,0.045,0.0,0.225,0.0,0.0,2.35,29.0,134.0,1.0
0.0,0.0,0.0,0.0,0.34,0.0,0.0,0.34,0.0,1.7,0.0,1.36,0.34,0.0,0.0,0.0,0.34,0.0,1.36,0.0,0.0,0.0,0.0,0.0,0.34,0.34,1.02,0.0,0.0,0.0,0.0,0.0,0.0,0.0,0.34,0.0,0.34,0.0,0.0,0.0,0.0,0.0,0.0,2.38,0.0,0.0,0.0,0.0,0.0,0.055,0.11,0.0,0.0,0.0,1.421,8.0,91.0,0.0
0.0,0.0,0.18,0.0,0.55,0.37,0.18,0.18,0.0,0.18,0.0,0.18,0.0,0.0,0.0,0.0,0.0,0.0,0.74,0.0,0.37,0.0,0.18,0.0,0.0,0.0,0.0,0.0,0.0,0.0,0.0,0.0,0.55,0.0,0.0,0.74,0.0,0.0,0.0,0.0,0.0,0.0,0.0,0.0,0.0,0.0,0.0,0.0,0.0,0.081,0.0,0.0,0.027,1.625,2.326,11.0,363.0,1.0
0.0,0.0,3.57,0.0,0.0,0.0,0.0,0.0,0.0,0.0,0.0,0.0,0.0,0.0,0.0,0.0,0.0,0.0,0.0,0.0,0.0,0.0,0.0,0.0,0.0,0.0,3.57,0.0,0.0,0.0,0.0,0.0,0.0,0.0,0.0,0.0,0.0,0.0,0.0,0.0,0.0,0.0,0.0,0.0,3.57,0.0,0.0,0.0,0.0,0.595,0.0,0.0,0.0,0.0,1.25,2.0,10.0,0.0
0.0,0.0,0.19,0.0,0.19,0.0,0.0,0.19,0.19,0.19,0.0,0.19,0.19,0.0,0.0,0.76,0.0,0.0,0.95,0.0,1.14,0.0,0.0,0.0,0.0,0.0,0.0,0.0,0.0,0.0,0.0,0.0,0.0,0.0,0.0,0.19,0.0,0.0,0.19,0.0,0.0,0.0,0.38,0.0,0.19,0.0,0.0,0.0,0.0,0.058,0.0,0.264,0.0,0.0,4.053,93.0,381.0,1.0
0.0,0.0,0.86,0.0,0.0,0.0,0.0,0.0,0.0,0.0,0.86,0.86,0.0,0.0,0.0,0.0,0.0,0.86,6.95,0.0,4.34,0.0,0.0,0.0,0.0,0.0,0.86,0.0,0.0,0.0,0.0,0.0,0.0,0.0,0.0,0.0,0.0,0.0,0.0,0.0,0.0,0.0,0.0,0.0,0.0,0.0,0.0,0.0,0.0,0.0,0.0,0.0,0.0,0.0,1.047,2.0,22.0,0.0
0.0,0.79,0.0,0.0,0.0,0.0,0.0,0.0,0.0,0.0,0.0,0.0,0.0,0.0,0.0,0.79,0.79,1.58,3.17,0.0,1.58,0.0,0.0,0.0,0.0,0.0,0.0,0.0,0.0,0.0,0.0,0.0,0.0,0.0,0.0,0.0,0.0,0.0,0.0,0.0,0.0,0.0,0.0,0.0,0.79,0.0,0.0,0.0,0.0,0.271,0.0,0.271,0.135,0.0,3.257,26.0,114.0,1.0
0.0,0.0,0.0,0.0,0.0,0.0,0.0,0.0,0.0,0.0,0.0,0.0,0.0,0.0,0.0,0.0,0.0,0.0,3.24,0.0,0.0,0.0,0.0,0.0,0.0,0.0,0.0,0.0,0.0,0.0,0.0,0.0,0.0,0.0,0.0,0.0,0.0,0.0,0.0,0.0,0.0,0.0,0.0,0.0,1.29,0.0,0.0,0.0,0.0,0.229,0.0,0.114,0.0,0.0,1.8,17.0,36.0,0.0
1.63,0.0,1.63,0.0,0.0,0.0,0.0,0.0,1.63,0.0,0.0,0.0,0.0,0.0,0.0,1.63,0.0,0.0,3.27,0.0,3.27,0.0,0.0,0.0,0.0,0.0,0.0,0.0,0.0,0.0,0.0,0.0,0.0,0.0,0.0,0.0,0.0,0.0,0.0,0.0,0.0,0.0,0.0,0.0,0.0,0.0,0.0,0.0,0.0,0.0,0.0,0.759,0.253,0.0,2.0,16.0,36.0,1.0
0.0,0.0,0.0,0.0,0.73,0.24,0.0,0.0,0.0,0.24,0.0,0.49,0.0,0.0,0.0,0.0,0.0,0.0,2.46,0.0,0.49,0.0,0.0,0.0,1.23,0.73,1.47,0.49,0.49,0.49,0.49,0.49,0.0,0.49,0.49,0.49,0.0,0.0,0.49,0.49,0.0,0.0,0.73,0.0,0.73,0.0,0.0,0.0,0.0,0.287,0.041,0.041,0.0,0.041,1.792,12.0,224.0,0.0
0.0,0.0,0.0,0.0,0.0,0.0,0.0,0.0,0.0,0.0,0.0,0.0,0.0,0.0,0.0,0.0,0.0,0.0,0.0,0.0,0.0,0.0,0.0,0.0,0.0,0.0,0.0,0.0,0.0,0.0,0.0,0.0,0.0,0.0,0.0,0.0,0.0,0.0,0.0,0.0,0.0,0.0,0.0,0.0,0.0,0.0,0.0,0.0,0.0,0.0,0.0,0.0,0.0,0.0,3.0,16.0,33.0,1.0
0.18,0.0,0.55,0.0,0.18,0.0,0.0,0.0,0.0,0.0,0.0,0.37,0.0,0.0,0.0,0.0,0.0,0.0,1.49,0.0,0.0,0.0,0.0,0.0,0.0,0.0,0.0,0.0,0.0,0.0,0.0,0.0,0.0,0.0,0.0,0.0,0.18,0.0,0.0,0.0,0.0,0.0,0.0,0.0,0.18,0.0,0.0,0.0,0.031,0.127,0.031,0.0,0.0,0.0,1.428,5.0,80.0,0.0
0.13,0.13,0.13,0.0,0.55,0.27,0.27,0.13,1.1,0.27,0.0,0.97,0.27,0.0,0.13,0.0,0.0,0.0,3.88,0.13,2.77,0.0,0.13,0.55,0.0,0.0,0.0,0.0,0.0,0.0,0.0,0.0,0.0,0.0,0.0,0.0,0.0,0.0,0.0,0.13,0.0,0.0,0.0,0.0,0.0,0.0,0.0,0.0,0.0,0.017,0.0,1.316,0.177,0.0,4.947,232.0,757.0,1.0
0.0,0.0,0.0,0.0,0.0,0.0,0.0,0.0,0.0,0.0,0.0,5.0,0.0,0.0,0.0,0.0,0.0,0.0,0.0,0.0,0.0,0.0,0.0,0.0,0.0,0.0,5.0,0.0,0.0,0.0,0.0,0.0,0.0,0.0,0.0,0.0,0.0,0.0,0.0,0.0,0.0,0.0,0.0,5.0,0.0,0.0,0.0,0.0,0.0,0.684,0.0,0.0,0.0,0.0,1.0,1.0,8.0,0.0
2.32,0.0,0.77,0.0,1.55,0.0,0.0,0.0,0.0,0.0,0.0,0.77,0.0,0.0,0.0,0.77,0.0,0.0,2.32,0.0,0.77,0.0,0.0,0.77,0.0,0.0,0.0,0.0,0.0,0.0,0.0,0.0,0.0,0.0,0.0,0.0,0.0,0.0,0.0,0.0,0.0,0.0,0.0,0.0,0.0,0.0,0.0,0.77,0.0,0.134,0.0,0.671,0.0,0.0,129.5,515.0,518.0,1.0
0.12,0.0,0.12,0.0,0.0,0.06,0.0,0.0,0.56,0.0,0.0,0.31,0.0,0.0,0.0,0.06,0.0,0.06,0.25,0.0,0.18,0.0,0.0,0.0,0.63,0.69,0.06,0.0,0.0,0.0,0.0,0.0,0.82,0.0,0.0,0.0,0.63,0.0,0.0,0.06,0.0,0.0,0.0,0.06,0.0,0.0,0.0,0.0,0.187,0.16,0.035,0.0,0.017,0.0,2.829,47.0,815.0,0.0
0.0,0.3,0.61,0.0,0.3,0.0,0.15,0.0,0.0,0.45,0.15,0.0,0.15,0.0,0.15,0.15,0.0,0.76,0.15,0.15,0.76,0.0,0.0,0.0,0.0,0.0,0.0,0.0,0.0,0.0,0.0,0.0,0.0,0.0,0.0,0.0,0.0,0.0,0.0,0.15,0.0,0.0,0.0,0.0,0.0,0.0,0.0,0.0,0.0,0.0,0.0,0.567,0.024,0.049,5.425,132.0,944.0,1.0
0.0,0.0,0.0,0.0,0.0,0.0,0.0,0.0,0.0,0.0,0.0,1.42,0.0,0.0,0.0,0.0,0.0,0.0,0.0,0.0,4.28,0.0,0.0,0.0,2.85,1.42,4.28,1.42,1.42,1.42,1.42,1.42,0.0,1.42,1.42,1.42,1.42,0.0,1.42,1.42,0.0,0.0,1.42,0.0,1.42,0.0,0.0,0.0,0.0,0.419,0.0,0.0,0.0,0.0,2.133,12.0,64.0,0.0
0.0,0.0,0.0,0.0,0.47,0.0,1.41,0.0,0.0,0.0,0.47,0.47,0.0,0.0,0.0,0.47,0.0,1.88,1.41,0.47,1.41,0.0,0.0,0.0,0.0,0.0,0.0,0.0,0.0,0.0,0.0,0.0,0.0,0.0,0.0,0.0,0.0,0.0,0.0,0.0,0.0,0.0,0.0,0.0,0.0,0.0,0.0,0.0,0.0,0.0,0.0,0.145,0.145,0.0,4.041,54.0,194.0,1.0
0.0,0.0,0.0,0.0,0.0,0.0,0.0,0.0,0.0,0.0,0.0,0.0,1.4,0.0,0.0,0.0,0.0,1.4,2.81,0.0,0.0,0.0,0.0,0.0,0.0,0.0,0.0,0.0,0.0,0.0,0.0,0.0,0.0,0.0,0.0,0.0,0.0,0.0,0.0,0.0,0.0,0.0,0.0,0.0,0.0,0.0,0.0,0.0,0.0,0.0,0.0,0.0,0.0,0.0,1.125,2.0,9.0,0.0
0.0,0.0,0.0,0.0,0.0,0.0,7.27,0.0,0.0,0.0,0.0,0.0,0.0,0.0,0.0,0.0,0.0,0.0,0.0,0.0,0.0,0.0,0.0,0.0,0.0,0.0,0.0,0.0,0.0,0.0,0.0,0.0,0.0,0.0,0.0,0.0,0.0,0.0,0.0,0.0,0.0,0.0,0.0,0.0,0.0,0.0,0.0,0.0,0.0,0.0,0.0,0.291,0.0,0.0,2.444,8.0,44.0,1.0
0.35,0.0,0.35,0.0,0.71,0.0,0.0,0.0,0.0,0.0,0.0,0.35,0.0,0.0,0.0,0.0,0.0,0.0,0.35,0.0,0.17,0.0,0.0,0.0,0.53,0.35,0.53,0.17,0.17,0.17,0.17,0.17,0.35,0.17,0.17,0.17,0.0,0.0,0.0,0.17,0.0,0.71,0.17,0.17,0.35,0.0,0.0,0.0,0.123,0.309,0.03,0.0,0.0,0.0,2.241,13.0,204.0,0.0
0.07,0.02,0.15,0.0,0.25,0.2,0.0,0.02,0.15,0.0,0.0,0.25,0.25,0.07,0.0,0.05,0.22,0.0,0.05,0.0,0.02,0.0,0.37,0.02,0.0,0.0,0.0,0.0,0.02,0.0,0.0,0.0,0.0,0.0,0.0,0.05,0.3,0.02,0.0,0.02,0.0,0.0,0.02,0.0,0.02,0.0,0.0,0.0,0.011,0.022,0.0,0.0,0.022,0.0,1.423,20.0,965.0,1.0
0.0,0.0,0.0,0.0,0.0,0.0,0.0,0.0,0.0,0.0,0.0,0.0,0.0,0.0,0.0,0.0,0.0,0.0,5.0,0.0,0.0,0.0,0.0,0.0,0.0,0.0,2.5,0.0,0.0,0.0,0.0,0.0,0.0,0.0,0.0,0.0,0.0,0.0,0.0,0.0,0.0,0.0,0.0,0.0,0.0,0.0,0.0,0.0,0.0,0.0,0.0,0.833,0.0,0.416,1.937,8.0,31.0,0.0
0.46,0.3,0.46,0.0,0.05,0.12,0.05,0.28,0.43,0.74,0.25,0.97,0.56,1.23,0.0,0.25,0.43,0.02,3.22,0.0,1.46,0.0,1.05,0.36,0.0,0.0,0.0,0.0,0.0,0.0,0.0,0.0,0.0,0.0,0.0,0.0,0.0,0.0,0.0,0.0,0.0,0.0,0.0,0.0,0.02,0.0,0.0,0.0,0.0,0.065,0.0,0.325,0.756,0.153,5.891,193.0,3040.0,1.0
0.0,0.0,0.0,0.0,0.68,0.0,0.0,0.0,0.0,0.68,0.0,0.0,0.0,0.0,0.68,0.0,0.0,0.0,0.68,0.0,0.0,0.0,0.0,0.0,2.72,2.72,2.04,2.04,0.68,0.68,0.68,0.68,0.0,0.68,2.04,0.68,0.68,0.0,0.68,0.68,0.0,0.0,0.68,0.68,0.68,0.0,0.0,0.0,0.0,0.828,0.621,0.0,0.0,0.0,2.277,12.0,123.0,0.0
2.43,0.0,0.0,0.0,0.0,0.0,0.0,0.0,0.0,0.0,0.0,0.0,0.0,0.0,0.0,0.0,0.0,0.0,0.0,0.0,0.0,0.0,0.0,0.0,0.0,0.0,0.0,0.0,0.0,0.0,0.0,0.0,0.0,0.0,0.0,0.0,0.0,0.0,0.0,0.0,0.0,0.0,0.0,0.0,0.0,0.0,0.0,0.0,0.0,0.0,0.0,0.0,0.0,0.0,3.666,13.0,44.0,1.0
0.05,0.0,0.1,0.0,0.15,0.05,0.0,0.0,0.57,0.0,0.0,0.26,0.0,0.0,0.0,0.0,0.0,0.05,0.21,0.0,0.15,0.0,0.0,0.0,0.63,0.68,0.05,0.0,0.0,0.0,0.0,0.0,0.73,0.0,0.0,0.0,0.42,0.0,0.0,0.0,0.0,0.0,0.0,0.0,0.0,0.0,0.05,0.0,0.193,0.17,0.059,0.0,0.014,0.0,3.461,66.0,1170.0,0.0
0.0,0.0,0.0,0.0,0.0,0.0,0.0,0.0,0.0,0.0,0.0,0.0,0.0,0.0,0.0,0.0,0.0,0.0,0.0,0.0,0.0,0.0,0.0,0.0,0.0,0.0,0.0,0.0,0.0,0.0,0.0,0.0,0.0,0.0,0.0,1.36,0.0,0.0,0.0,0.0,0.0,0.0,0.0,0.0,1.36,0.0,0.0,0.0,0.0,0.212,0.0,0.424,0.212,0.0,4.125,21.0,66.0,1.0
0.0,0.0,0.0,0.0,0.0,0.0,0.0,0.0,0.0,0.0,0.0,0.0,0.0,0.0,0.0,0.0,0.0,0.0,0.0,0.0,0.0,0.0,0.0,0.0,0.0,0.0,0.0,0.0,0.0,0.0,0.0,0.0,0.0,0.0,0.08,0.0,0.0,0.0,0.0,0.0,0.0,0.0,0.0,0.0,0.08,0.0,0.0,0.0,0.0,2.263,0.0,0.0,0.0,0.0,3.149,9.0,1310.0,0.0
0.0,0.0,0.71,0.0,0.17,0.0,0.35,0.35,0.0,0.17,0.17,0.35,0.0,0.0,0.0,0.35,0.0,0.17,0.53,0.0,0.17,0.0,0.35,0.0,0.0,0.0,0.0,0.0,0.0,0.0,0.0,0.0,0.0,0.0,0.0,0.0,0.35,0.0,0.0,0.0,0.0,0.0,0.0,0.0,0.0,0.0,0.0,0.0,0.0,0.057,0.0,0.057,0.171,0.0,1.974,34.0,229.0,1.0
0.0,0.0,0.0,0.0,0.0,0.0,0.0,0.0,0.0,0.0,0.0,7.69,0.0,0.0,0.0,0.0,0.0,0.0,0.0,0.0,0.0,0.0,0.0,0.0,0.0,0.0,0.0,0.0,0.0,0.0,0.0,0.0,0.0,0.0,0.0,0.0,0.0,0.0,0.0,0.0,0.0,0.0,0.0,0.0,0.0,0.0,0.0,0.0,0.0,0.0,0.0,0.0,0.0,0.0,2.666,4.0,16.0,0.0
0.0,0.0,0.0,0.0,0.0,0.0,0.0,0.0,0.0,0.0,0.0,0.0,1.38,0.0,0.0,0.0,0.0,0.0,0.0,0.0,1.38,0.0,0.0,0.0,0.0,0.0,0.0,0.0,0.0,0.0,0.0,0.0,0.0,0.0,0.0,0.0,0.0,0.0,0.0,0.0,0.0,0.0,0.0,0.0,0.0,0.0,0.0,0.0,0.0,0.0,0.0,0.486,0.0,0.0,2.681,11.0,59.0,1.0
0.0,0.0,0.0,0.0,0.6,0.0,0.0,0.0,0.0,0.0,0.0,0.6,0.0,0.0,0.0,0.0,0.0,0.0,3.01,0.0,0.0,0.0,0.0,0.0,0.0,0.0,1.8,0.0,0.0,0.0,0.0,0.6,0.0,0.6,0.0,0.0,0.6,0.0,0.6,0.0,0.0,0.0,0.6,0.0,1.2,0.0,0.0,0.0,0.0,0.085,0.085,0.085,0.0,0.0,1.735,22.0,92.0,0.0
0.4,0.18,0.32,0.0,0.25,0.18,0.03,1.01,0.4,0.4,0.1,0.72,0.65,0.36,0.25,0.54,0.36,0.36,3.05,0.14,1.41,0.0,0.29,0.76,0.0,0.0,0.0,0.0,0.0,0.0,0.0,0.0,0.0,0.0,0.0,0.0,0.0,0.0,0.0,0.03,0.0,0.0,0.0,0.0,0.07,0.0,0.0,0.0,0.012,0.042,0.073,0.337,0.141,0.0,3.305,181.0,1613.0,1.0
0.0,0.0,0.0,0.0,0.0,0.0,0.0,0.0,0.0,0.0,0.0,0.0,0.0,0.0,0.0,0.0,0.0,0.0,0.0,0.0,0.0,0.0,0.0,0.0,0.0,0.0,0.0,0.0,0.0,0.0,0.0,0.0,0.0,0.0,0.0,0.0,0.0,0.0,0.0,0.0,0.0,0.0,0.0,0.0,0.0,0.0,0.0,0.0,0.0,0.0,0.0,0.0,0.0,0.0,1.545,4.0,17.0,0.0
0.0,0.0,0.0,0.0,0.82,0.0,0.0,1.65,0.0,0.82,0.0,0.0,0.0,0.0,0.0,0.0,0.82,0.0,1.65,0.0,2.47,0.0,0.0,0.0,0.0,0.0,0.0,0.0,0.0,0.0,0.0,0.0,0.0,0.0,0.0,0.0,0.0,0.0,0.0,0.0,0.0,0.0,0.0,0.0,0.0,0.0,0.0,0.0,0.0,0.113,0.0,0.113,0.0,0.0,1.25,4.0,50.0,1.0
0.0,0.0,0.0,0.0,0.0,0.0,0.0,0.0,0.0,1.02,0.0,1.02,0.0,0.0,0.0,0.0,0.0,0.0,5.1,0.0,0.0,0.0,0.0,0.0,0.0,0.0,0.0,0.0,0.0,0.0,0.0,0.0,0.0,0.0,0.0,0.0,0.0,0.0,0.0,0.0,0.0,0.0,0.0,2.04,0.0,0.0,0.0,0.0,0.309,0.154,0.0,0.154,0.0,0.0,3.304,48.0,76.0,0.0
0.17,0.0,0.08,0.0,0.43,0.08,0.08,0.43,0.08,0.08,0.0,0.6,0.17,0.17,0.0,0.0,0.17,0.08,1.2,0.0,3.14,0.0,0.34,0.08,0.0,0.0,0.0,0.0,0.0,0.0,0.0,0.0,0.0,0.0,0.0,0.0,0.0,0.0,0.0,0.0,0.0,0.0,0.0,0.0,0.0,0.0,0.0,0.0,0.0,0.081,0.027,0.088,0.013,0.0,4.16,48.0,1140.0,1.0
0.0,14.28,0.0,0.0,0.0,0.0,0.0,0.0,0.0,0.0,0.0,0.0,0.0,0.0,0.0,0.0,0.0,0.0,0.0,0.0,0.0,0.0,0.0,0.0,0.0,0.0,0.0,0.0,0.0,0.0,0.0,0.0,0.0,0.0,0.0,0.0,0.0,0.0,0.0,0.0,0.0,0.0,0.0,0.0,0.0,0.0,0.0,0.0,0.0,0.0,0.0,0.0,0.0,0.0,1.8,5.0,9.0,0.0
1.03,0.0,0.68,0.0,1.03,0.0,0.68,0.0,0.0,0.68,0.0,0.68,0.0,0.0,0.34,0.68,0.0,0.0,5.86,0.0,1.37,0.0,0.34,0.34,0.0,0.0,0.0,0.0,0.0,0.0,0.0,0.0,0.0,0.0,0.0,0.0,0.0,0.0,0.0,0.0,0.0,0.0,0.0,0.0,0.34,0.0,0.0,0.0,0.0,0.0,0.0,0.366,0.061,0.0,1.895,12.0,91.0,1.0
0.0,0.0,0.0,0.0,0.0,0.0,0.0,0.0,0.0,0.0,0.0,1.4,0.0,0.0,0.0,0.0,0.7,0.0,1.4,0.0,1.4,0.0,0.0,0.0,0.0,0.0,0.7,0.0,0.0,0.0,0.7,0.0,0.0,0.0,0.0,0.0,0.0,0.0,0.0,2.11,0.0,0.0,0.0,0.0,0.0,0.0,0.0,0.0,0.0,0.266,0.066,0.0,0.0,0.0,18.0,200.0,378.0,0.0
0.0,0.0,0.51,0.0,0.51,0.0,0.0,0.51,0.0,0.0,0.0,1.02,0.0,0.0,2.05,0.0,0.0,0.51,2.56,0.0,2.56,0.0,1.53,0.0,0.0,0.0,0.0,0.0,0.0,0.0,0.0,0.0,0.0,0.0,0.0,0.0,0.0,0.0,0.51,0.51,0.0,0.0,0.0,0.0,0.51,0.0,0.0,0.0,0.0,0.189,0.0,0.094,0.473,0.0,5.038,60.0,131.0,1.0
0.0,0.0,0.0,0.0,0.0,0.0,0.0,0.0,0.0,0.0,0.0,0.0,0.0,0.0,0.0,0.0,0.0,0.0,0.0,0.0,0.0,0.0,0.0,0.0,0.0,0.0,0.0,0.0,0.0,0.0,0.0,0.0,0.0,0.0,0.0,0.0,0.0,0.0,3.7,0.0,0.0,3.7,0.0,0.0,3.7,0.0,0.0,0.0,0.0,0.0,0.689,0.0,0.0,0.0,1.888,5.0,17.0,0.0
0.49,0.21,0.56,0.0,0.28,0.21,0.0,0.28,0.28,0.98,0.42,0.98,0.14,0.0,0.0,1.12,0.7,0.07,2.24,0.0,0.98,0.0,0.07,0.7,0.0,0.0,0.0,0.0,0.0,0.0,0.0,0.0,0.0,0.0,0.0,0.0,0.0,0.0,0.0,0.07,0.0,0.0,0.0,0.0,0.14,0.0,0.0,0.0,0.0,0.108,0.0,0.768,0.312,0.0,3.401,94.0,966.0,1.0
0.0,0.0,1.12,0.0,0.0,0.0,0.0,1.12,0.0,0.0,0.0,0.0,0.0,0.0,2.24,0.0,0.0,0.0,3.37,0.0,2.24,0.0,0.0,0.0,0.0,0.0,1.12,0.0,0.0,0.0,0.0,0.0,0.0,0.0,0.0,0.0,0.0,0.0,0.0,0.0,0.0,0.0,0.0,0.0,1.12,0.0,0.0,0.0,0.0,0.0,0.0,0.0,0.0,0.0,2.0,5.0,44.0,0.0
0.0,0.7,1.05,0.0,0.35,0.0,0.0,0.0,0.0,0.0,0.0,0.7,0.0,0.0,0.0,0.35,0.0,1.4,2.46,0.0,1.4,0.0,0.0,0.0,0.0,0.0,0.0,0.0,0.0,0.0,0.0,0.0,0.0,0.0,0.0,0.0,0.0,0.0,0.0,0.0,0.0,0.0,0.0,0.0,0.35,0.0,0.0,0.0,0.0,0.056,0.0,0.897,0.0,0.0,4.43,121.0,350.0,1.0
0.0,0.0,0.0,0.0,0.13,0.26,0.0,0.0,0.0,0.13,0.0,1.17,0.13,0.13,0.0,0.0,0.52,0.0,0.0,0.0,0.0,0.0,0.0,0.0,3.64,0.65,0.0,0.0,0.13,0.52,0.0,0.0,0.0,0.0,0.0,0.39,0.13,0.0,0.0,0.0,0.0,0.0,0.0,0.0,0.0,0.0,0.0,0.0,0.135,0.101,0.0,0.0,0.0,0.0,1.915,19.0,387.0,0.0
0.0,0.0,0.0,0.0,0.0,0.0,1.07,0.0,0.0,0.0,0.0,0.0,0.0,0.0,0.0,2.15,0.0,0.0,0.0,0.0,2.15,0.0,0.0,0.0,0.0,0.0,0.0,0.0,0.0,0.0,0.0,0.0,0.0,0.0,0.0,0.0,0.0,0.0,0.0,1.07,0.0,0.0,0.0,0.0,0.0,0.0,0.0,0.0,0.0,0.0,0.0,0.145,0.437,0.291,1.823,10.0,62.0,1.0
0.0,0.0,0.0,0.0,0.0,0.0,0.0,0.0,0.0,0.0,0.0,0.0,0.0,0.0,0.0,0.0,0.0,0.0,0.0,0.0,0.0,0.0,0.0,0.0,0.0,0.0,0.0,0.0,0.0,0.0,0.0,0.0,0.0,0.0,0.0,0.0,0.0,0.0,0.0,0.0,0.0,0.0,0.0,0.0,0.0,10.0,0.0,0.0,0.0,0.0,0.0,0.0,0.0,0.0,1.857,5.0,13.0,0.0
0.0,0.33,0.33,0.0,1.65,0.33,0.66,0.0,0.0,0.16,0.16,0.99,0.0,0.0,0.0,0.82,0.33,0.16,2.81,0.0,0.99,0.0,0.49,0.33,0.0,0.0,0.0,0.0,0.0,0.0,0.0,0.0,0.16,0.0,0.0,0.0,0.0,0.0,0.0,0.0,0.0,0.0,0.0,0.0,0.0,0.0,0.0,0.0,0.0,0.025,0.075,0.252,0.05,0.05,6.269,350.0,721.0,1.0
0.0,0.0,0.0,0.0,0.0,0.0,0.0,0.0,0.0,0.0,0.0,1.29,0.0,0.0,0.0,0.0,0.0,0.0,0.0,0.0,0.0,0.0,0.0,0.0,0.0,0.0,0.0,0.0,0.0,0.0,0.0,0.0,0.0,0.0,0.0,0.0,0.64,0.0,0.0,0.0,0.0,0.0,0.0,0.0,0.0,0.0,0.0,0.0,0.0,0.0,0.0,0.0,0.0,0.0,2.275,8.0,91.0,0.0
0.17,0.0,0.08,0.0,0.42,0.08,0.08,0.42,0.08,0.08,0.0,0.6,0.17,0.17,0.0,0.0,0.17,0.08,1.2,0.0,3.17,0.0,0.34,0.08,0.0,0.0,0.0,0.0,0.0,0.0,0.0,0.0,0.0,0.0,0.0,0.0,0.0,0.0,0.0,0.0,0.0,0.0,0.0,0.0,0.0,0.0,0.0,0.0,0.0,0.081,0.027,0.095,0.013,0.0,4.07,48.0,574.0,1.0
0.0,0.0,0.0,0.0,0.0,0.0,0.0,0.0,0.0,0.0,0.0,0.0,0.0,0.0,0.0,0.0,0.0,0.0,0.0,0.0,0.0,0.0,0.0,0.0,0.0,0.0,0.0,0.0,0.0,0.0,0.0,0.0,0.0,0.0,0.0,0.0,0.0,0.0,0.0,0.0,0.0,0.0,0.0,0.0,0.0,0.0,0.0,0.0,0.0,0.0,2.777,0.0,0.0,0.0,2.0,4.0,6.0,0.0
0.0,0.0,0.0,0.0,0.09,0.0,0.0,0.0,0.0,0.09,0.0,0.0,0.0,0.0,0.0,0.0,0.0,0.0,0.0,0.0,0.0,0.0,0.0,0.0,0.0,0.0,0.0,0.0,0.0,0.0,0.0,0.0,0.0,0.0,0.0,0.0,0.0,0.0,0.0,0.0,0.0,0.0,0.0,0.0,0.0,0.0,0.0,0.0,0.0,0.032,0.0,0.016,0.0,0.0,24.375,135.0,3315.0,1.0
0.0,0.0,0.0,0.0,1.4,0.0,0.0,0.0,0.0,0.0,0.0,2.81,0.0,0.0,0.0,0.0,0.0,0.0,0.0,0.0,0.0,0.0,0.0,0.0,0.0,0.0,0.0,0.0,0.0,0.0,0.0,0.0,0.0,0.0,0.0,0.0,0.0,0.0,0.0,0.0,0.0,0.0,0.0,0.0,0.0,0.0,0.0,0.0,0.0,0.0,0.0,0.239,0.0,0.0,1.923,7.0,50.0,0.0
0.0,0.57,0.57,0.0,1.14,0.57,2.28,0.0,0.0,0.57,0.0,0.57,0.0,0.0,0.0,0.0,0.0,0.57,3.42,0.0,1.14,0.0,0.0,0.0,0.0,0.0,0.0,0.0,0.0,0.0,0.0,0.0,0.0,0.0,0.0,0.0,0.0,0.0,0.0,0.0,0.0,0.0,0.0,0.0,0.57,0.0,0.0,0.0,0.0,0.081,0.0,0.487,0.0,0.081,16.217,147.0,373.0,1.0
0.0,0.0,0.0,0.0,0.0,0.0,1.78,0.0,0.0,1.78,0.0,0.0,0.0,0.0,0.0,1.78,0.0,1.78,5.35,0.0,1.78,0.0,0.0,0.0,0.0,0.0,0.0,0.0,0.0,0.0,0.0,0.0,0.0,0.0,0.0,0.0,0.0,0.0,0.0,0.0,0.0,0.0,0.0,0.0,0.0,0.0,0.0,0.0,0.0,0.0,0.0,0.0,0.0,0.0,7.0,35.0,63.0,0.0
0.18,0.0,0.18,0.0,1.57,0.36,0.06,0.06,0.06,0.12,0.06,0.54,0.3,0.06,0.0,0.0,0.72,0.06,4.49,0.24,1.09,0.0,0.85,0.06,0.0,0.0,0.0,0.0,0.0,0.0,0.0,0.0,0.0,0.0,0.0,0.0,0.0,0.0,0.0,0.0,0.0,0.0,0.06,0.0,0.06,0.0,0.0,0.0,0.01,0.052,0.0,0.01,0.167,0.0,1.74,12.0,442.0,1.0
0.0,0.0,0.0,0.0,0.0,0.0,0.0,0.0,0.0,0.0,0.0,0.0,0.0,0.0,0.0,0.0,0.0,0.0,0.0,0.0,0.0,0.0,0.0,0.0,0.0,0.0,25.0,0.0,0.0,0.0,0.0,0.0,0.0,0.0,0.0,0.0,0.0,0.0,0.0,0.0,0.0,0.0,0.0,0.0,0.0,0.0,0.0,0.0,0.0,0.0,0.0,0.0,0.0,0.0,2.0,4.0,6.0,0.0
0.0,0.51,0.0,0.0,0.51,0.51,1.02,0.0,0.0,0.0,0.0,0.0,0.0,0.0,0.0,0.0,0.0,0.51,0.51,0.0,0.51,0.0,0.51,0.0,0.0,0.0,0.0,0.0,0.0,0.0,0.0,0.0,0.0,0.0,0.0,0.0,0.0,0.0,0.0,0.0,0.0,0.0,0.0,0.0,0.0,0.0,0.0,0.0,0.0,0.142,0.0,0.071,1.212,0.0,7.025,130.0,281.0,1.0
0.02,0.08,0.1,0.0,0.27,0.07,0.0,0.0,0.14,0.0,0.0,0.05,0.0,0.02,0.01,0.02,0.0,0.01,0.05,0.0,0.04,0.0,0.0,0.0,0.48,0.49,0.04,0.0,0.0,0.0,0.0,0.0,0.36,0.0,0.0,0.01,0.45,0.0,0.0,0.01,0.0,0.0,0.04,0.0,0.01,0.0,0.0,0.02,0.221,0.152,0.056,0.0,0.004,0.0,2.63,38.0,3086.0,0.0
0.0,0.0,0.58,0.0,1.17,0.0,0.58,0.0,0.0,0.0,0.0,0.58,0.0,0.0,0.0,0.58,0.0,0.0,1.76,0.0,0.0,0.0,0.0,0.0,0.0,0.0,0.0,0.0,0.0,0.0,0.0,0.0,0.0,0.0,0.0,0.0,0.0,0.0,0.0,0.0,0.0,0.0,0.0,0.0,0.0,0.0,0.0,0.0,0.0,0.0,0.0,0.829,0.0,0.0,2.529,8.0,86.0,1.0
0.0,0.0,0.0,0.0,0.0,0.0,0.0,0.0,0.0,0.0,0.0,1.24,0.0,0.0,0.0,0.0,0.0,0.0,0.0,0.0,0.0,0.0,0.0,0.0,0.0,0.0,0.0,0.0,0.0,0.0,0.0,0.0,6.22,0.0,0.0,0.0,0.0,0.0,0.0,0.0,0.0,0.0,0.0,0.0,0.0,0.0,0.0,0.0,0.0,0.0,0.0,0.0,0.0,0.0,1.6,7.0,64.0,0.0
0.54,0.0,1.08,0.0,0.54,0.0,1.08,0.0,0.0,0.0,0.0,0.54,0.0,0.0,0.0,0.54,0.54,0.0,4.32,0.0,1.08,0.0,1.62,0.0,0.0,0.0,0.0,0.0,0.0,0.0,0.0,0.0,0.0,0.0,0.0,0.0,0.0,0.0,0.0,0.0,0.0,0.0,0.0,0.0,0.54,0.0,0.0,0.0,0.0,0.0,0.0,1.182,0.253,0.0,5.454,68.0,180.0,1.0
0.0,0.07,0.15,0.0,0.12,0.02,0.0,0.02,0.0,0.12,0.0,0.3,0.12,0.0,0.0,0.02,0.17,0.12,0.22,0.02,0.12,0.0,0.0,0.0,0.0,0.0,0.0,0.0,0.0,0.0,0.0,0.0,2.16,0.0,0.0,0.15,0.68,0.0,0.0,0.02,0.1,0.02,0.02,0.02,0.0,0.33,0.0,0.43,0.037,0.225,0.007,0.015,0.041,0.003,2.198,25.0,2458.0,0.0
0.5,0.0,0.75,0.0,0.25,0.25,0.25,0.5,0.0,0.0,0.5,2.26,0.0,0.0,0.0,0.5,1.0,0.25,4.03,0.0,2.01,0.0,0.0,0.0,0.0,0.0,0.0,0.0,0.0,0.0,0.0,0.0,0.0,0.0,0.0,0.0,0.0,0.0,0.0,0.0,0.0,0.0,0.0,0.0,0.0,0.0,0.0,0.0,0.0,0.034,0.0,0.375,0.034,0.0,4.2,60.0,231.0,1.0
0.0,0.0,0.0,0.0,0.0,0.0,0.0,0.0,0.0,0.0,0.0,0.0,0.0,0.0,0.0,0.0,0.0,0.0,0.0,0.0,0.0,0.0,0.0,0.0,0.0,0.0,0.0,0.0,0.0,0.0,0.0,0.0,0.0,0.0,0.0,0.0,0.0,0.0,0.0,0.0,0.0,0.0,0.0,0.0,0.0,9.09,0.0,0.0,0.0,0.0,0.0,0.0,0.0,0.0,2.428,5.0,17.0,0.0
0.51,0.17,0.51,0.0,1.7,0.34,0.0,0.0,0.85,0.17,0.0,0.68,0.17,0.34,0.0,0.17,0.17,0.0,2.9,0.0,2.05,0.0,0.68,1.36,0.0,0.0,0.0,0.0,0.0,0.0,0.0,0.0,0.0,0.0,0.0,0.0,0.0,0.0,0.0,0.0,0.0,0.0,0.0,0.0,0.0,0.0,0.0,0.0,0.0,0.0,0.0,0.387,1.961,0.025,11.0,183.0,660.0,1.0
0.37,0.0,0.0,0.0,0.0,0.0,0.0,0.0,0.0,0.0,0.0,0.0,0.0,0.0,0.0,0.0,0.37,0.0,2.23,0.0,0.37,0.0,0.0,0.0,1.11,0.37,1.86,0.37,0.37,0.37,0.37,0.37,0.0,0.37,0.37,0.37,0.74,0.0,0.74,0.37,0.37,0.0,0.74,0.0,0.37,0.37,0.0,0.0,0.0,0.192,0.064,0.32,0.0,0.064,1.923,17.0,177.0,0.0
0.0,0.0,0.48,0.0,0.48,0.0,0.0,0.48,0.0,0.0,0.0,0.96,0.0,0.0,1.93,0.0,0.48,0.48,2.41,0.0,2.41,0.0,3.38,0.0,0.0,0.0,0.0,0.0,0.0,0.0,0.0,0.0,0.0,0.0,0.0,0.0,0.0,0.0,0.48,0.48,0.0,0.0,0.0,0.0,0.0,0.0,0.0,0.0,0.0,0.084,0.0,0.084,0.761,0.0,5.322,46.0,165.0,1.0
0.37,0.0,0.63,0.0,0.25,0.12,0.0,0.0,0.0,0.0,0.0,0.12,0.12,0.0,0.0,0.0,0.0,0.12,1.51,0.0,0.25,0.0,0.0,0.0,0.0,0.0,0.0,0.0,0.12,0.0,0.0,0.0,0.0,0.0,0.0,0.0,0.0,0.0,0.0,0.0,0.0,0.0,0.0,0.0,0.37,0.0,0.0,0.0,0.0,0.107,0.0,0.193,0.0,0.0,1.181,4.0,104.0,0.0
0.0,0.35,0.71,0.0,0.35,0.0,0.17,0.0,0.0,0.53,0.17,0.0,0.17,0.0,0.35,0.17,0.0,1.07,0.17,0.17,0.71,0.0,0.0,0.0,0.0,0.0,0.0,0.0,0.0,0.0,0.0,0.0,0.0,0.0,0.0,0.0,0.0,0.0,0.0,0.0,0.0,0.0,0.0,0.0,0.0,0.0,0.0,0.0,0.0,0.027,0.0,0.167,0.027,0.055,7.527,149.0,956.0,1.0
1.63,0.0,0.0,0.0,0.0,0.0,0.0,0.0,0.0,0.0,0.0,0.0,0.0,0.0,0.0,0.0,0.0,0.0,0.0,0.0,0.0,0.0,0.0,0.0,0.0,0.0,0.0,0.0,0.0,0.0,0.0,0.0,0.0,0.0,0.0,0.0,0.0,0.0,0.0,0.0,0.0,3.27,0.0,0.0,1.63,0.0,0.0,0.0,0.0,0.571,0.0,0.0,0.0,0.0,1.181,3.0,13.0,0.0
0.18,0.0,0.18,0.0,1.57,0.36,0.06,0.06,0.06,0.12,0.06,0.54,0.3,0.06,0.0,0.0,0.72,0.06,4.48,0.24,1.15,0.0,0.84,0.06,0.0,0.0,0.0,0.0,0.0,0.0,0.0,0.0,0.0,0.0,0.0,0.0,0.0,0.0,0.0,0.0,0.0,0.0,0.06,0.0,0.06,0.0,0.0,0.0,0.01,0.052,0.0,0.01,0.167,0.0,1.733,12.0,442.0,1.0
0.0,0.0,0.0,0.0,0.0,0.0,0.0,0.0,0.0,0.0,0.0,0.0,0.0,0.0,0.0,0.0,0.0,0.0,3.22,0.0,0.0,0.0,0.0,0.0,0.0,0.0,0.0,0.0,0.0,0.0,0.0,0.0,0.0,0.0,0.0,0.0,0.0,0.0,0.0,0.0,0.0,0.0,0.0,0.0,0.0,0.0,0.0,0.0,0.0,0.552,0.0,0.0,0.0,0.0,1.6,4.0,8.0,0.0
0.0,0.0,0.0,0.0,0.0,0.0,0.0,0.0,0.0,0.0,0.0,0.0,0.0,0.0,0.0,0.0,0.0,0.0,0.0,0.0,0.0,0.0,0.0,0.0,0.0,0.0,0.0,0.0,0.0,0.0,0.0,0.0,0.0,0.0,0.0,0.0,0.0,0.0,0.0,0.0,0.0,0.0,0.0,0.0,1.17,0.0,0.0,0.0,0.0,0.441,0.0,0.441,0.662,0.0,4.066,17.0,61.0,1.0
0.0,0.0,0.0,0.0,0.0,0.0,0.0,0.0,0.0,0.0,0.0,0.0,0.0,0.0,0.0,0.0,0.0,0.0,1.49,0.0,4.47,0.0,0.0,0.0,0.0,0.0,1.49,0.0,0.0,0.0,0.0,0.0,0.0,0.0,0.0,0.0,0.0,0.0,0.0,0.0,0.0,0.0,0.0,0.0,0.0,0.0,0.0,0.0,0.0,0.0,0.0,0.0,0.0,0.0,1.0,1.0,16.0,0.0
0.47,0.94,0.94,0.0,0.47,0.0,0.0,0.47,0.0,1.88,0.0,2.35,0.0,0.47,0.0,0.47,0.0,0.0,1.88,0.0,5.18,0.0,0.0,0.0,0.0,0.0,0.0,0.0,0.0,0.0,0.0,0.0,0.0,0.0,0.0,0.0,0.0,0.0,0.0,0.0,0.0,0.0,0.0,0.0,0.0,0.0,0.0,0.0,0.0,0.253,0.0,1.687,0.168,0.084,57.23,636.0,744.0,1.0
0.0,0.04,0.25,0.0,0.04,0.04,0.0,0.0,0.16,0.08,0.2,0.62,0.0,0.0,0.0,0.16,0.04,0.0,0.71,0.0,0.41,0.0,0.12,0.0,2.01,0.41,0.0,0.12,0.0,0.08,0.12,0.0,0.0,0.0,0.04,0.0,0.2,0.0,0.0,0.0,0.0,0.0,0.0,0.08,0.08,0.0,0.0,0.04,0.012,0.274,0.012,0.031,0.056,0.0,1.83,23.0,1479.0,0.0
0.79,0.19,0.09,0.0,0.0,0.0,0.0,0.09,0.29,0.09,0.29,0.59,0.69,0.0,0.0,0.09,0.0,0.59,4.09,0.0,0.89,0.0,0.39,0.49,0.0,0.0,0.0,0.0,0.0,0.0,0.0,0.0,0.0,0.0,0.0,0.0,0.0,0.0,0.0,0.0,0.0,0.0,0.0,0.0,0.0,0.0,0.0,0.0,0.0,0.267,0.0,0.19,0.247,0.0,2.324,19.0,365.0,1.0
0.0,0.0,0.0,0.0,0.0,0.0,0.0,0.0,0.0,0.0,0.0,0.0,0.0,0.0,0.0,0.0,0.0,0.0,0.0,0.0,0.0,0.0,0.0,0.0,9.52,4.76,4.76,4.76,4.76,4.76,4.76,4.76,0.0,4.76,4.76,4.76,0.0,0.0,0.0,4.76,0.0,0.0,0.0,0.0,0.0,0.0,0.0,0.0,0.0,1.257,0.0,0.0,0.0,0.0,3.333,11.0,30.0,0.0
0.42,0.0,0.42,0.0,2.53,0.42,0.42,0.0,0.0,0.84,0.42,0.84,0.0,0.0,0.0,1.68,0.0,0.0,2.95,0.0,2.1,0.0,2.53,0.0,0.0,0.0,0.0,0.0,0.0,0.0,0.0,0.0,0.0,0.0,0.0,0.0,0.0,0.0,0.0,0.0,0.0,0.0,0.0,0.0,0.0,0.0,0.0,0.0,0.0,0.291,0.0,0.072,1.457,0.072,2.632,12.0,179.0,1.0
0.0,0.0,0.0,0.0,0.0,0.0,0.0,0.0,0.0,0.0,0.0,0.0,0.0,0.0,0.0,0.0,0.0,0.0,0.0,0.0,0.0,0.0,0.0,0.0,0.0,0.0,0.0,0.0,0.0,0.0,0.0,0.0,0.0,0.0,0.0,0.0,0.0,0.0,0.0,0.0,0.0,0.0,0.0,0.0,7.14,0.0,0.0,0.0,0.0,0.0,0.0,0.0,0.0,0.0,1.333,3.0,8.0,0.0
0.0,0.0,1.25,0.0,2.5,0.0,0.0,0.0,0.0,0.0,0.0,0.0,0.0,0.0,0.0,1.25,0.0,0.0,5.0,0.0,0.0,0.0,0.0,0.0,0.0,0.0,0.0,0.0,0.0,0.0,0.0,0.0,0.0,0.0,0.0,0.0,0.0,0.0,1.25,0.0,0.0,0.0,0.0,0.0,0.0,0.0,0.0,0.0,0.0,0.0,0.0,0.0,0.0,0.0,1.2,4.0,36.0,1.0
0.0,0.0,0.0,0.0,0.0,0.0,0.0,0.0,0.0,0.0,0.0,0.0,0.0,0.0,0.0,0.0,0.0,0.0,0.0,0.0,0.0,0.0,0.0,0.0,0.0,0.0,0.0,0.0,0.0,0.0,0.0,0.0,0.0,0.0,0.0,0.0,0.0,0.0,0.0,0.0,0.0,0.0,0.0,0.0,0.0,0.0,0.0,0.0,0.0,0.943,0.0,0.943,0.0,0.0,2.166,5.0,13.0,0.0
0.09,0.0,0.09,0.0,0.39,0.09,0.09,0.0,0.19,0.29,0.39,0.48,0.0,0.58,0.0,0.87,0.19,0.0,1.66,4.1,1.66,0.0,0.39,0.19,0.0,0.0,0.0,0.0,0.0,0.0,0.0,0.0,0.0,0.0,0.0,0.0,0.0,0.0,0.0,0.0,0.0,0.0,0.0,0.0,0.0,0.0,0.0,0.0,0.0,0.14,0.0,0.326,0.155,0.0,6.813,494.0,1458.0,1.0
0.0,0.0,0.0,0.0,0.0,0.0,0.0,0.0,0.0,0.0,0.0,0.0,0.0,0.0,0.0,0.0,0.0,0.0,5.71,0.0,0.0,0.0,0.0,0.0,0.0,0.0,0.0,0.0,0.0,0.0,0.0,0.0,0.0,0.0,0.0,0.0,0.0,0.0,0.0,0.0,0.0,0.0,0.0,0.0,2.85,2.85,0.0,0.0,0.0,0.0,0.0,0.0,0.0,0.0,1.111,3.0,20.0,0.0
0.0,0.0,0.0,0.0,0.9,0.0,0.9,0.0,0.0,0.9,0.9,0.0,0.9,0.0,0.0,0.0,0.0,0.0,2.72,0.0,0.9,0.0,0.0,0.0,0.0,0.0,0.0,0.0,0.0,0.0,0.0,0.0,0.0,0.0,0.0,0.0,0.0,0.0,0.0,0.0,0.0,0.0,0.0,0.0,0.0,0.0,0.0,0.0,0.0,0.0,0.0,0.0,0.0,0.0,2.083,7.0,25.0,1.0
0.02,0.0,0.1,0.0,0.05,0.05,0.0,0.13,0.3,0.0,0.0,0.13,0.0,0.0,0.0,0.0,0.0,0.02,0.1,0.0,0.08,0.0,0.0,0.0,0.46,0.49,0.02,0.0,0.0,0.0,0.0,0.0,0.27,0.0,0.0,0.0,0.41,0.0,0.13,0.0,0.0,0.0,0.0,0.0,0.0,0.0,0.0,0.0,0.166,0.158,0.047,0.0,0.007,0.0,2.984,52.0,1758.0,0.0
0.25,0.0,0.0,0.0,0.51,0.51,0.0,0.0,0.25,0.0,0.25,0.0,0.25,0.0,0.0,0.0,0.25,0.0,2.81,0.0,0.25,0.0,0.25,0.76,0.0,0.0,0.0,0.0,0.0,0.0,0.0,0.0,0.0,0.0,0.0,0.0,0.0,0.0,0.0,0.0,0.0,0.0,0.0,0.0,0.0,0.0,0.0,0.0,0.0,0.041,0.0,0.209,0.209,0.0,2.776,75.0,211.0,1.0
0.0,0.0,0.0,0.0,0.0,0.0,0.0,0.0,0.0,0.0,0.0,5.88,0.0,0.0,0.0,0.0,0.0,0.0,0.0,0.0,0.0,0.0,0.0,0.0,0.0,0.0,0.0,0.0,0.0,0.0,0.0,0.0,0.0,0.0,0.0,0.0,0.0,0.0,0.0,0.0,0.0,0.0,0.0,0.0,0.0,0.0,0.0,0.0,0.0,0.0,0.0,1.098,0.0,0.0,2.142,9.0,15.0,0.0
0.0,0.35,0.35,0.0,1.07,0.0,0.0,0.35,0.0,1.07,0.0,0.71,0.0,0.0,0.0,0.0,0.71,0.71,2.85,0.0,2.5,0.0,1.42,0.0,0.0,0.0,0.0,0.0,0.0,0.0,0.0,0.0,0.0,0.0,0.0,0.0,0.0,0.0,0.0,0.35,0.0,0.0,0.0,0.0,0.35,0.0,0.0,0.0,0.0,0.233,0.0,0.233,0.233,0.0,3.414,25.0,140.0,1.0
0.0,0.0,1.16,0.0,0.0,0.0,0.0,0.0,0.0,0.0,0.0,2.32,0.0,0.0,0.0,0.0,0.0,3.48,0.0,0.0,1.16,0.0,0.0,0.0,2.32,1.16,0.0,1.16,0.0,1.16,1.16,0.0,0.0,0.0,1.16,1.16,0.0,0.0,1.16,0.0,0.0,0.0,0.0,0.0,0.0,0.0,0.0,0.0,0.0,0.139,0.0,0.139,0.0,0.0,1.515,10.0,50.0,0.0
0.0,0.62,0.62,0.0,0.31,0.0,0.0,0.0,0.0,0.0,0.0,0.62,0.0,0.0,0.0,0.31,0.0,1.25,2.51,0.0,1.25,0.0,0.0,0.0,0.0,0.0,0.0,0.0,0.0,0.0,0.0,0.0,0.0,0.0,0.0,0.0,0.0,0.0,0.0,0.0,0.0,0.0,0.0,0.0,0.31,0.0,0.0,0.0,0.0,0.051,0.0,0.777,0.0,0.0,3.39,61.0,278.0,1.0
0.0,0.0,0.0,0.0,0.0,0.0,0.0,0.0,0.0,0.0,0.0,0.0,0.0,0.0,0.0,0.0,0.0,0.0,1.72,0.0,0.0,0.0,0.0,0.0,0.0,0.0,0.0,0.0,0.0,0.0,0.0,0.0,0.0,0.0,0.0,0.0,1.72,0.0,1.72,0.0,1.72,0.0,1.72,0.0,1.72,1.72,0.0,0.0,0.0,0.0,0.265,0.0,0.0,0.0,1.65,12.0,33.0,0.0
0.42,0.46,0.38,0.0,0.19,0.11,0.0,0.07,0.58,0.62,0.34,0.77,0.5,1.32,0.03,0.23,0.54,0.0,3.06,0.0,1.51,0.0,0.38,0.46,0.0,0.0,0.0,0.0,0.0,0.0,0.0,0.0,0.0,0.0,0.0,0.0,0.0,0.0,0.0,0.0,0.0,0.0,0.0,0.0,0.03,0.0,0.0,0.0,0.0,0.076,0.0,0.438,0.585,0.127,6.134,153.0,2184.0,1.0
0.0,0.0,0.0,0.0,0.66,0.0,0.0,0.0,0.0,0.0,0.0,0.66,0.0,0.0,0.0,0.0,0.66,0.0,3.33,0.0,0.0,0.0,0.0,0.0,0.66,0.0,0.0,0.0,0.0,0.0,0.0,0.0,0.0,0.0,0.0,0.0,0.0,0.0,0.0,0.0,0.0,0.0,0.0,0.66,0.0,0.0,0.0,0.0,0.0,0.254,0.0,0.0,0.0,0.0,1.458,7.0,35.0,0.0
0.0,0.0,0.0,0.0,0.0,0.0,0.0,0.67,0.0,0.67,0.0,0.0,0.0,0.0,0.0,0.0,0.0,0.0,0.0,0.0,0.0,0.0,0.0,0.0,0.0,0.0,0.0,0.0,0.0,0.0,0.0,0.0,0.0,0.0,0.0,0.0,1.34,0.0,0.0,0.0,0.0,0.0,0.0,0.0,0.0,0.0,0.0,0.0,0.17,0.511,0.085,0.511,0.0,0.0,4.617,27.0,217.0,1.0
0.0,0.0,0.49,0.0,0.0,0.49,0.0,0.0,0.0,0.0,0.0,0.99,0.0,0.0,0.0,0.0,0.0,0.0,2.47,0.0,0.99,0.0,0.0,0.0,0.0,0.0,0.0,0.0,0.0,0.0,0.0,0.0,0.0,0.0,0.0,0.0,0.0,0.0,0.0,0.0,0.0,0.0,0.0,0.0,0.0,0.49,0.0,0.0,0.0,0.093,0.0,0.093,0.0,0.0,1.275,4.0,51.0,0.0
0.5,0.46,0.34,0.0,0.15,0.03,0.0,0.19,0.57,0.65,0.3,0.73,0.65,1.27,0.03,0.23,0.42,0.0,3.08,0.0,1.34,0.0,0.5,0.5,0.0,0.0,0.0,0.0,0.0,0.0,0.0,0.0,0.0,0.0,0.0,0.0,0.0,0.0,0.0,0.0,0.0,0.0,0.0,0.0,0.03,0.0,0.0,0.0,0.011,0.077,0.0,0.335,1.281,0.125,7.202,595.0,2413.0,1.0
0.0,0.0,0.0,0.0,0.0,0.0,0.0,0.0,0.0,0.0,0.0,0.0,0.0,0.0,0.0,0.0,0.0,0.0,0.0,0.0,0.0,0.0,0.0,0.0,10.0,0.0,0.0,0.0,0.0,0.0,0.0,0.0,0.0,0.0,0.0,0.0,0.0,0.0,0.0,0.0,0.0,0.0,0.0,0.0,0.0,0.0,0.0,0.0,0.0,0.0,0.0,0.0,0.0,0.0,1.0,1.0,1.0,0.0
0.31,0.0,0.0,0.0,0.94,0.0,0.0,0.0,0.0,0.0,0.31,0.0,0.0,0.0,0.0,0.31,0.0,0.31,3.76,0.31,0.62,0.0,0.0,0.62,0.0,0.0,0.0,0.0,0.0,0.0,0.0,0.0,0.0,0.0,0.31,0.0,0.0,0.0,0.0,0.0,0.0,0.0,0.0,0.0,1.25,0.0,0.0,0.0,0.0,0.055,0.0,0.055,0.111,0.0,2.358,32.0,125.0,1.0
0.0,0.0,0.0,0.0,0.0,0.0,0.0,0.0,0.0,0.0,0.0,0.0,0.0,0.0,0.0,0.0,0.0,0.0,2.68,0.0,1.34,0.0,0.0,0.0,0.0,0.0,0.0,0.0,0.0,0.0,0.0,0.0,0.0,0.0,0.0,0.0,0.0,0.0,0.0,0.0,0.0,0.0,0.0,0.0,0.67,0.0,0.0,0.0,0.0,0.0,0.0,0.471,0.0,0.0,1.033,2.0,31.0,0.0
0.0,0.53,0.53,0.0,0.53,0.0,0.0,0.0,0.0,0.0,0.0,0.53,0.0,0.0,0.0,0.53,0.0,1.06,1.6,0.0,1.06,0.0,0.0,0.0,0.0,0.0,0.0,0.0,0.0,0.0,0.0,0.0,0.0,0.0,0.0,0.0,0.0,0.0,0.0,0.0,0.0,0.0,0.0,0.0,0.0,0.0,0.0,0.0,0.0,0.087,0.0,0.877,0.0,0.0,3.4,61.0,187.0,1.0
0.0,0.0,0.0,0.0,0.0,0.0,0.0,0.0,0.0,1.36,0.0,0.0,0.0,0.0,0.0,0.0,0.0,0.0,0.0,0.0,1.36,0.0,0.0,0.0,0.0,0.0,0.0,0.0,0.0,0.0,0.0,0.0,0.0,0.0,0.0,0.0,0.0,0.0,0.0,0.0,0.0,0.0,0.0,0.0,0.0,1.36,0.0,0.0,0.0,0.0,0.0,0.0,0.0,0.0,4.05,51.0,81.0,0.0
0.0,0.0,0.2,0.0,0.4,0.2,0.0,0.0,0.0,0.0,0.0,0.0,0.0,0.0,0.0,0.0,0.61,0.4,2.45,0.2,0.61,4.49,0.61,0.0,0.0,0.0,0.0,0.0,0.0,0.0,0.0,0.0,0.0,0.0,0.0,0.0,0.0,0.0,0.0,0.0,0.0,0.0,0.0,0.0,0.2,0.0,0.0,0.0,0.0,0.0,0.0,0.382,0.223,0.478,7.538,55.0,490.0,1.0
0.0,0.0,0.66,0.0,0.0,0.0,0.0,0.0,0.0,0.0,0.0,0.0,0.0,0.0,0.0,0.0,0.0,0.0,2.66,0.0,0.0,0.0,0.0,0.0,0.0,0.0,0.0,0.0,0.0,0.0,0.0,0.0,0.0,0.0,0.0,0.0,0.0,0.0,0.0,0.0,0.0,0.0,0.0,0.0,0.66,0.0,0.0,0.0,0.0,0.231,0.0,0.231,0.0,0.0,1.761,17.0,37.0,0.0
0.0,0.0,1.44,0.0,0.0,0.0,0.0,0.0,0.0,0.0,0.0,2.89,0.0,0.0,0.0,1.44,0.0,0.0,5.79,0.0,0.0,0.0,0.0,0.0,0.0,0.0,0.0,0.0,0.0,0.0,0.0,0.0,0.0,0.0,0.0,0.0,0.0,0.0,0.0,0.0,0.0,0.0,0.0,0.0,0.0,0.0,0.0,0.0,0.0,0.0,0.0,0.277,0.0,0.0,1.312,3.0,21.0,1.0
0.0,0.0,0.0,0.0,0.0,0.0,0.0,0.0,0.0,0.0,0.0,0.0,0.0,0.0,0.0,0.0,0.0,0.0,0.0,0.0,0.0,0.0,0.0,0.0,0.0,0.0,0.0,0.0,0.0,0.0,0.0,0.0,0.0,0.0,0.0,0.0,0.0,0.0,0.0,0.0,0.0,14.28,0.0,0.0,0.0,0.0,0.0,0.0,0.0,0.0,0.0,0.0,0.0,0.0,1.0,1.0,4.0,0.0
0.0,0.26,0.78,0.0,0.26,0.26,0.08,1.04,0.52,1.56,0.26,0.69,0.17,0.08,0.69,0.86,0.34,0.0,1.82,0.17,1.3,0.0,0.08,0.34,0.0,0.0,0.0,0.0,0.0,0.0,0.0,0.0,0.08,0.0,0.0,0.08,0.0,0.0,0.0,0.0,0.0,0.0,0.0,0.0,0.08,0.08,0.0,0.0,0.096,0.234,0.0,0.358,0.261,0.11,3.554,54.0,981.0,1.0
0.0,0.0,0.0,0.0,0.0,0.0,0.0,0.0,0.0,0.0,0.0,1.92,0.0,0.0,0.0,0.0,0.0,0.0,1.92,0.0,1.92,0.0,0.0,0.0,0.0,0.0,0.0,0.0,0.0,0.0,0.0,0.0,0.0,0.0,0.0,0.0,0.0,0.0,0.0,0.0,0.0,0.0,0.0,0.0,0.0,0.0,0.0,0.0,0.0,0.0,0.0,0.0,0.0,0.0,3.5,21.0,42.0,0.0
0.0,0.0,0.32,0.0,0.65,0.65,0.32,0.32,0.0,0.0,0.0,0.32,0.32,0.0,0.0,0.32,0.32,0.0,2.28,0.0,3.25,0.0,0.0,0.32,0.0,0.0,0.0,0.0,0.0,0.0,0.0,0.0,0.0,0.0,0.0,0.0,0.0,0.0,0.0,0.0,0.0,0.0,0.0,0.0,0.32,0.0,0.0,0.0,0.0,0.106,0.0,0.0,0.159,0.0,1.494,10.0,139.0,1.0
0.0,0.0,0.0,0.0,0.68,0.0,0.0,0.0,0.0,0.68,0.0,0.68,0.0,0.0,0.68,0.0,0.0,0.68,1.36,0.0,0.68,0.0,0.0,0.0,2.72,1.36,1.36,0.68,0.68,0.68,0.68,0.68,0.0,0.68,0.68,0.68,0.68,0.0,0.68,0.68,0.0,0.0,0.68,0.68,0.68,0.0,0.0,0.0,0.104,0.418,0.104,0.0,0.0,0.0,2.102,12.0,82.0,0.0
0.0,0.8,0.0,0.0,0.8,0.0,0.8,0.0,0.0,0.8,0.0,0.0,0.0,0.0,0.0,0.8,0.8,0.8,1.61,0.0,1.61,0.0,0.0,0.0,0.0,0.0,0.0,0.0,0.0,0.0,0.0,0.0,0.0,0.0,0.0,0.0,0.0,0.0,0.0,0.0,0.0,0.0,0.0,0.0,0.0,0.0,0.0,0.0,0.0,0.134,0.0,0.269,0.0,0.0,3.115,19.0,81.0,1.0
0.23,0.23,0.0,0.0,0.23,0.23,0.0,0.47,0.23,0.23,0.23,0.23,0.0,0.0,0.0,0.23,0.0,0.0,2.87,0.0,1.91,0.0,0.23,0.23,0.0,0.0,0.0,0.0,0.0,0.0,0.0,0.0,0.0,0.0,0.0,0.0,0.0,0.0,0.0,0.0,0.0,0.0,0.0,0.0,0.23,0.0,0.0,0.0,0.0,0.0,0.0,0.37,0.205,0.041,2.281,24.0,146.0,0.0
0.0,0.43,0.87,0.0,0.0,0.0,0.0,0.0,0.43,0.43,0.43,0.0,0.0,0.0,0.0,0.0,0.0,0.0,6.14,0.0,0.43,0.0,0.0,0.87,0.0,0.0,0.0,0.0,0.0,0.0,0.0,0.0,0.0,0.0,0.0,0.0,0.0,0.0,0.0,0.0,0.0,0.0,0.0,0.0,0.0,0.0,0.0,0.0,0.075,0.075,0.0,0.0,0.151,0.0,5.086,33.0,117.0,1.0
0.0,14.28,0.0,0.0,0.0,0.0,0.0,0.0,0.0,0.0,0.0,0.0,0.0,0.0,0.0,0.0,0.0,0.0,0.0,0.0,0.0,0.0,0.0,0.0,0.0,0.0,0.0,0.0,0.0,0.0,0.0,0.0,0.0,0.0,0.0,0.0,0.0,0.0,0.0,0.0,0.0,0.0,0.0,0.0,0.0,0.0,0.0,0.0,0.0,0.0,0.0,0.0,0.0,0.0,1.8,5.0,9.0,0.0
0.22,0.22,0.22,0.0,1.77,0.22,0.44,0.44,0.22,2.88,0.0,0.88,0.22,0.0,1.11,0.44,0.0,0.44,3.33,0.0,3.33,0.0,0.44,0.44,0.0,0.0,0.0,0.0,0.0,0.0,0.0,0.0,0.0,0.0,0.0,0.0,0.0,0.0,0.0,0.44,0.0,0.0,0.0,0.0,0.0,0.0,0.0,0.0,0.0,0.0,0.0,0.563,0.15,0.0,86.65,1038.0,1733.0,1.0
0.0,0.0,0.0,0.0,0.0,0.0,0.0,0.0,0.0,0.0,0.0,0.0,0.0,0.0,0.0,0.0,0.0,0.0,0.0,0.0,0.0,0.0,0.0,0.0,0.0,0.0,0.0,0.0,0.0,0.0,0.0,0.0,0.0,0.0,0.0,0.0,0.0,0.0,0.0,0.0,0.0,3.84,0.0,0.0,0.0,0.0,0.0,0.0,0.0,0.0,0.0,0.0,0.719,0.0,1.25,2.0,10.0,0.0
0.75,0.18,0.37,0.0,0.18,0.12,0.0,0.25,0.75,0.31,0.25,1.51,0.31,0.37,0.0,0.37,0.44,0.12,2.96,0.69,1.26,0.0,0.44,0.75,0.0,0.0,0.0,0.0,0.0,0.0,0.0,0.0,0.0,0.0,0.0,0.0,0.12,0.0,0.0,0.12,0.0,0.0,0.06,0.0,0.0,0.0,0.0,0.0,0.0,0.085,0.053,0.437,0.234,0.064,3.675,45.0,1066.0,1.0
0.0,1.96,0.0,0.0,0.0,0.0,0.0,0.0,0.0,0.0,0.0,0.0,0.0,0.98,0.0,0.0,0.0,0.0,1.96,0.0,0.98,0.0,0.0,0.0,1.96,1.96,1.96,0.0,0.0,0.0,0.0,0.0,0.0,0.0,0.0,0.0,0.0,0.0,0.0,0.0,0.0,0.0,0.98,0.0,0.0,3.92,0.0,0.0,0.0,0.0,0.0,0.0,0.0,0.0,3.129,17.0,97.0,0.0
0.0,0.0,0.33,0.0,0.33,0.0,0.33,0.33,0.0,0.0,0.0,0.33,0.0,0.0,0.0,1.65,0.0,1.65,2.64,0.0,0.66,0.0,0.0,0.0,0.0,0.0,0.0,0.0,0.0,0.0,0.0,0.0,0.0,0.0,0.0,0.0,0.0,0.0,0.0,0.0,0.0,0.0,0.0,0.0,0.0,0.0,0.0,0.0,0.0,0.0,0.161,0.537,0.0,0.0,2.517,9.0,141.0,1.0
0.0,0.0,0.0,0.0,0.0,0.0,0.0,0.0,0.0,0.0,0.0,0.0,0.0,0.0,0.0,0.0,0.0,0.0,3.33,0.0,0.0,0.0,0.0,0.0,0.0,0.0,0.0,0.0,0.0,0.0,0.0,0.0,0.0,0.0,0.0,0.0,0.0,0.0,0.0,0.0,0.0,0.0,0.0,0.0,3.33,0.0,0.0,0.0,0.0,0.0,0.0,0.0,0.0,0.0,1.75,3.0,14.0,0.0
0.33,0.0,0.67,0.0,0.22,0.0,0.0,0.0,0.44,0.11,0.0,0.33,0.0,0.0,0.0,0.56,0.0,0.0,1.79,0.0,1.12,0.0,0.0,0.22,0.0,0.0,0.0,0.0,0.0,0.0,0.0,0.0,0.0,0.0,0.0,0.0,0.0,0.11,0.0,0.0,0.0,0.0,0.11,0.0,0.0,0.0,0.0,0.0,0.0,0.157,0.0,0.373,0.196,0.078,2.576,75.0,389.0,1.0
0.0,0.0,0.0,0.0,0.0,0.0,0.0,0.0,0.0,0.0,0.0,0.0,0.0,0.0,0.0,0.0,0.0,0.0,0.0,0.0,0.0,0.0,0.0,0.0,0.0,0.0,0.0,0.0,0.0,0.0,0.0,0.0,0.0,0.0,0.0,0.0,0.0,0.0,0.0,0.0,0.0,0.0,0.0,0.0,0.0,0.0,0.0,0.0,0.0,0.0,1.176,0.0,0.0,0.0,2.142,8.0,15.0,0.0
0.0,0.0,0.16,0.0,0.16,0.0,0.16,0.0,0.65,0.16,0.16,0.0,0.0,0.0,0.0,1.64,0.0,0.65,0.82,0.0,0.0,0.0,0.0,0.0,0.0,0.0,0.0,0.0,0.0,0.0,0.0,0.0,0.0,0.0,0.0,0.0,0.0,0.0,0.0,0.16,0.0,0.0,0.0,0.0,0.0,0.0,0.0,0.0,0.0,0.066,0.0,0.906,0.663,0.0,5.289,52.0,1116.0,1.0